date,open,high,low,close,5. adjusted close,6. volume,7. dividend amount,8. split coefficient
2023-04-14,69.3,71.7,67.87,69.91,69.91,12887231.0,0.0,1.0
2023-04-13,69.89,72.53,68.05,68.95,68.95,19718505.0,0.0,1.0
2023-04-12,70.77,72.02,66.23,67.84,67.84,16773426.0,0.0,1.0
2023-04-11,68.09,72.6075,67.24,70.19,70.19,25348828.0,0.0,1.0
2023-04-10,61.37,66.19,59.66,66.13,66.13,14391788.0,0.0,1.0
2023-04-06,59.57,62.74,58.2,61.44,61.44,11875179.0,0.0,1.0
2023-04-05,62.54,63.05,59.22,60.78,60.78,10788873.0,0.0,1.0
2023-04-04,64.66,65.4,60.9501,62.54,62.54,11654422.0,0.0,1.0
2023-04-03,66.01,68.3299,62.7,63.61,63.61,14040299.0,0.0,1.0
2023-03-31,64.7,68.5687,63.93,67.57,67.57,15926632.0,0.0,1.0
2023-03-30,66.53,67.17,63.6825,64.16,64.16,11563092.0,0.0,1.0
2023-03-29,65.42,68.63,63.77,65.3,65.3,17673750.0,0.0,1.0
2023-03-28,62.32,64.05,61.11,63.04,63.04,11635869.0,0.0,1.0
2023-03-27,67.2,67.6,60.51,62.54,62.54,23531291.0,0.0,1.0
2023-03-24,64.18,68.73,63.53,67.83,67.83,21641914.0,0.0,1.0
2023-03-23,61.85,70.0,61.505,66.3,66.3,43152803.0,0.0,1.0
2023-03-22,84.25,85.38,76.86,77.14,77.14,24463224.0,0.0,1.0
2023-03-21,76.24,85.05,75.77,83.99,83.99,22991862.0,0.0,1.0
2023-03-20,76.76,77.06,72.87,75.14,75.14,19026423.0,0.0,1.0
2023-03-17,70.52,76.8,69.1,74.98,74.98,31006175.0,0.0,1.0
2023-03-16,64.4,68.62,63.12,67.78,67.78,15522943.0,0.0,1.0
2023-03-15,61.9,66.29,61.18,64.47,64.47,20825703.0,0.0,1.0
2023-03-14,65.45,66.21,61.1,62.65,62.65,25167751.0,0.0,1.0
2023-03-13,54.705,61.1,50.77,59.17,59.17,31431946.0,0.0,1.0
2023-03-10,56.39,56.41,51.57,53.44,53.44,25743814.0,0.0,1.0
2023-03-09,62.39,64.12,57.21,58.09,58.09,20996595.0,0.0,1.0
2023-03-08,61.2,65.4638,60.3509,63.01,63.01,15427824.0,0.0,1.0
2023-03-07,62.8,64.66,60.59,61.89,61.89,15821515.0,0.0,1.0
2023-03-06,64.6,69.82,62.64,62.77,62.77,19826090.0,0.0,1.0
2023-03-03,61.64,65.56,61.3822,64.51,64.51,17578962.0,0.0,1.0
2023-03-02,61.07,63.9,57.5,63.7,63.7,18122714.0,0.0,1.0
2023-03-01,65.3,66.79,63.09,64.67,64.67,15827077.0,0.0,1.0
2023-02-28,59.675,67.5,59.4201,64.83,64.83,24843894.0,0.0,1.0
2023-02-27,59.94,60.9696,58.1701,58.96,58.96,13043035.0,0.0,1.0
2023-02-24,60.88,61.59,56.8,58.44,58.44,14546162.0,0.0,1.0
2023-02-23,63.96,64.6473,59.8908,62.36,62.36,16698489.0,0.0,1.0
2023-02-22,62.5,67.48,57.35,61.18,61.18,32937546.0,0.0,1.0
2023-02-21,63.32,66.87,61.85,62.07,62.07,19845681.0,0.0,1.0
2023-02-17,64.94,67.9,61.51,65.2,65.2,23252183.0,0.0,1.0
2023-02-16,65.9,73.3,63.91,65.59,65.59,31704828.0,0.0,1.0
2023-02-15,60.21,69.46,59.46,69.34,69.34,25726719.0,0.0,1.0
2023-02-14,56.33,61.08,55.0319,59.03,59.03,23945786.0,0.0,1.0
2023-02-13,55.52,57.0899,53.66,56.4,56.4,14435886.0,0.0,1.0
2023-02-10,58.255,61.7384,55.97,57.09,57.09,17359921.0,0.0,1.0
2023-02-09,68.49,68.93,59.0,59.63,59.63,23920247.0,0.0,1.0
2023-02-08,70.83,73.97,68.3,69.44,69.44,11626528.0,0.0,1.0
2023-02-07,73.43,73.4801,67.3,71.42,71.42,19819664.0,0.0,1.0
2023-02-06,73.18,75.98,70.52,74.59,74.59,17998386.0,0.0,1.0
2023-02-03,73.72,87.63,73.02,74.63,74.63,37125516.0,0.0,1.0
2023-02-02,68.46,85.54,68.31,81.46,81.46,43911166.0,0.0,1.0
2023-02-01,59.08,66.215,56.65,65.7,65.7,18840780.0,0.0,1.0
2023-01-31,57.7,60.44,55.91,58.48,58.48,14751638.0,0.0,1.0
2023-01-30,60.01,61.86,55.6715,56.16,56.16,14553912.0,0.0,1.0
2023-01-27,52.94,62.29,52.41,61.37,61.37,24430999.0,0.0,1.0
2023-01-26,56.06,56.1,51.9655,53.02,53.02,12614909.0,0.0,1.0
2023-01-25,51.5,53.408,49.6,52.76,52.76,13343567.0,0.0,1.0
2023-01-24,54.202,56.47,53.3412,53.555,53.555,12413942.0,0.0,1.0
2023-01-23,55.0,56.69,53.21,55.96,55.96,17736412.0,0.0,1.0
2023-01-20,50.38,55.19,48.8,55.16,55.16,15433938.0,0.0,1.0
2023-01-19,49.2101,51.0,47.92,49.42,49.42,14073270.0,0.0,1.0
2023-01-18,54.22,57.3292,50.0,50.21,50.21,24905714.0,0.0,1.0
2023-01-17,53.31,54.98,50.7,54.14,54.14,23521226.0,0.0,1.0
2023-01-13,46.24,50.63,45.38,49.98,49.98,22437767.0,0.0,1.0
2023-01-12,45.145,47.65,41.67,47.55,47.55,20514692.0,0.0,1.0
2023-01-11,41.96,43.84,40.6304,43.79,43.79,16152705.0,0.0,1.0
2023-01-10,37.76,43.29,37.74,43.23,43.23,24496650.0,0.0,1.0
2023-01-09,35.19,39.38,34.72,38.27,38.27,18904120.0,0.0,1.0
2023-01-06,33.67,33.75,31.55,33.26,33.26,15527836.0,0.0,1.0
2023-01-05,34.71,35.26,32.75,33.53,33.53,16934523.0,0.0,1.0
2023-01-04,34.59,38.5,34.54,37.7,37.7,17737392.0,0.0,1.0
2023-01-03,36.49,36.93,33.3709,33.6,33.6,8514288.0,0.0,1.0
2022-12-30,33.962,35.87,33.63,35.39,35.39,8397944.0,0.0,1.0
2022-12-29,33.455,35.33,33.37,34.78,34.78,7675479.0,0.0,1.0
2022-12-28,32.58,33.48,31.83,32.53,32.53,7839732.0,0.0,1.0
2022-12-27,34.5,34.56,32.44,32.65,32.65,10940800.0,0.0,1.0
2022-12-23,34.77,35.98,33.67,35.49,35.49,8222704.0,0.0,1.0
2022-12-22,34.93,35.3465,32.95,34.59,34.59,10335668.0,0.0,1.0
2022-12-21,35.31,36.1,34.7963,35.15,35.15,6998619.0,0.0,1.0
2022-12-20,34.75,36.858,34.35,34.97,34.97,9833235.0,0.0,1.0
2022-12-19,35.97,36.68,34.51,35.17,35.17,11168297.0,0.0,1.0
2022-12-16,37.4,38.01,34.71,36.6,36.6,18247429.0,0.0,1.0
2022-12-15,38.95,39.6,37.44,37.98,37.98,12013423.0,0.0,1.0
2022-12-14,39.41,41.9,38.82,40.19,40.19,16117596.0,0.0,1.0
2022-12-13,46.01,46.33,38.5,38.69,38.69,20558271.0,0.0,1.0
2022-12-12,39.98,42.65,39.65,42.6,42.6,9962641.0,0.0,1.0
2022-12-09,41.6,42.32,40.15,40.24,40.24,10030234.0,0.0,1.0
2022-12-08,41.56,43.8999,40.3,42.81,42.81,9361800.0,0.0,1.0
2022-12-07,41.88,43.2,40.55,41.26,41.26,10824527.0,0.0,1.0
2022-12-06,45.6001,46.65,41.73,42.41,42.41,12156145.0,0.0,1.0
2022-12-05,47.98,49.85,45.63,46.0,46.0,11228347.0,0.0,1.0
2022-12-02,43.97,47.7,43.73,47.67,47.67,10372090.0,0.0,1.0
2022-12-01,45.82,47.19,44.44,45.27,45.27,11579372.0,0.0,1.0
2022-11-30,43.71,45.8799,41.51,45.73,45.73,15562746.0,0.0,1.0
2022-11-29,42.91,44.65,42.7,43.11,43.11,9090624.0,0.0,1.0
2022-11-28,43.3,44.899,42.02,42.51,42.51,10518516.0,0.0,1.0
2022-11-25,44.76,45.2365,43.7,44.28,44.28,6451508.0,0.0,1.0
2022-11-23,43.85,46.17,42.2057,45.57,45.57,14665807.0,0.0,1.0
2022-11-22,42.35,44.4,41.61,43.39,43.39,20783082.0,0.0,1.0
2022-11-21,43.6,44.6439,40.61,41.23,41.23,22381981.0,0.0,1.0
2022-11-18,48.8,49.0,44.31,45.26,45.26,20287264.0,0.0,1.0
2022-11-17,46.67,49.97,45.18,48.79,48.79,17974650.0,0.0,1.0
2022-11-16,52.83,54.03,48.0,48.83,48.83,24054683.0,0.0,1.0
2022-11-15,55.0,58.0,54.6,55.53,55.53,14805294.0,0.0,1.0
2022-11-14,55.695,55.74,52.6,53.22,53.22,16150903.0,0.0,1.0
2022-11-11,47.5,58.29,46.25,57.46,57.46,30584528.0,0.0,1.0
2022-11-10,51.04,53.93,49.02,50.92,50.92,30695388.0,0.0,1.0
2022-11-09,47.09,49.6899,44.62,45.98,45.98,42274174.0,0.0,1.0
2022-11-08,54.5,58.4499,47.69,50.83,50.83,61868168.0,0.0,1.0
2022-11-07,60.0,60.99,54.22,56.97,56.97,13659109.0,0.0,1.0
2022-11-04,60.4,63.43,56.4,58.82,58.82,18901356.0,0.0,1.0
2022-11-03,59.4,61.88,55.75,55.8,55.8,14238794.0,0.0,1.0
2022-11-02,63.395,66.21,60.55,60.71,60.71,12700860.0,0.0,1.0
2022-11-01,69.0,69.71,63.13,63.29,63.29,8238178.0,0.0,1.0
2022-10-31,72.37,74.65,66.145,66.25,66.25,10648406.0,0.0,1.0
2022-10-28,72.0,73.72,69.35,72.07,72.07,7372115.0,0.0,1.0
2022-10-27,74.51,75.65,71.51,72.47,72.47,5967614.0,0.0,1.0
2022-10-26,75.28,78.29,73.1001,73.81,73.81,14148193.0,0.0,1.0
2022-10-25,67.01,75.4,66.96,75.05,75.05,14446936.0,0.0,1.0
2022-10-24,67.4,68.15,63.68,66.39,66.39,8111715.0,0.0,1.0
2022-10-21,63.4,66.63,61.7,66.38,66.38,9156365.0,0.0,1.0
2022-10-20,63.14,67.43,62.7,63.59,63.59,8938669.0,0.0,1.0
2022-10-19,64.82,66.89,62.5518,63.19,63.19,8601141.0,0.0,1.0
2022-10-18,72.9,73.9,65.3,66.21,66.21,13874738.0,0.0,1.0
2022-10-17,66.48,70.95,66.34,69.17,69.17,11263274.0,0.0,1.0
2022-10-14,71.85,73.79,63.38,63.59,63.59,13711603.0,0.0,1.0
2022-10-13,63.66,69.63,61.06,69.26,69.26,18341964.0,0.0,1.0
2022-10-12,69.74,71.85,67.82,69.95,69.95,8998949.0,0.0,1.0
2022-10-11,67.61,72.69,65.025,70.16,70.16,17705645.0,0.0,1.0
2022-10-10,67.58,69.26,65.4301,67.04,67.04,7713993.0,0.0,1.0
2022-10-07,70.85,71.1,65.5,67.0,67.0,11427931.0,0.0,1.0
2022-10-06,73.07,76.2774,71.3405,73.91,73.91,11103663.0,0.0,1.0
2022-10-05,71.8,73.4782,69.28,72.97,72.97,9222677.0,0.0,1.0
2022-10-04,69.09,74.63,69.08,74.5,74.5,11881433.0,0.0,1.0
2022-10-03,64.95,67.86,61.92,65.95,65.95,10949180.0,0.0,1.0
2022-09-30,61.25,67.59,61.0737,64.49,64.49,10210275.0,0.0,1.0
2022-09-29,64.62,65.03,60.26,61.94,61.94,11508191.0,0.0,1.0
2022-09-28,62.8,67.74,62.76,67.31,67.31,8482667.0,0.0,1.0
2022-09-27,65.29,67.55,61.8842,63.05,63.05,11860469.0,0.0,1.0
2022-09-26,62.98,66.33,62.18,62.28,62.28,9562579.0,0.0,1.0
2022-09-23,61.56,63.15,59.4347,61.88,61.88,10932912.0,0.0,1.0
2022-09-22,67.4,68.98,62.31,62.94,62.94,11084877.0,0.0,1.0
2022-09-21,68.9,72.24,67.4301,67.64,67.64,12344591.0,0.0,1.0
2022-09-20,68.09,69.8,66.17,67.94,67.94,7974478.0,0.0,1.0
2022-09-19,71.88,72.54,67.0,69.93,69.93,13135272.0,0.0,1.0
2022-09-16,75.15,76.3699,73.5982,74.0,74.0,17088966.0,0.0,1.0
2022-09-15,77.63,82.0,76.625,77.23,77.23,10950143.0,0.0,1.0
2022-09-14,75.3,79.2,74.11,78.7,78.7,10840704.0,0.0,1.0
2022-09-13,75.34,78.09,74.35,75.25,75.25,11235328.0,0.0,1.0
2022-09-12,82.6,84.58,80.6,82.55,82.55,12554936.0,0.0,1.0
2022-09-09,78.2,81.04,75.15,80.87,80.87,15393378.0,0.0,1.0
2022-09-08,66.36,73.33,65.5,73.08,73.08,9241494.0,0.0,1.0
2022-09-07,62.0,68.77,61.83,68.25,68.25,8408351.0,0.0,1.0
2022-09-06,65.56,66.88,62.6,62.78,62.78,7442907.0,0.0,1.0
2022-09-02,67.71,68.14,63.82,65.26,65.26,6392835.0,0.0,1.0
2022-09-01,65.55,65.99,61.91,65.53,65.53,8046563.0,0.0,1.0
2022-08-31,68.7,70.38,66.6581,66.8,66.8,6707941.0,0.0,1.0
2022-08-30,67.965,69.45,64.63,67.03,67.03,8293471.0,0.0,1.0
2022-08-29,65.51,69.4,65.46,66.34,66.34,7903271.0,0.0,1.0
2022-08-26,71.71,71.7999,65.3419,66.74,66.74,9797324.0,0.0,1.0
2022-08-25,71.84,72.45,68.52,71.37,71.37,8563518.0,0.0,1.0
2022-08-24,71.88,74.32,70.71,71.48,71.48,6675538.0,0.0,1.0
2022-08-23,71.95,76.41,70.6,71.18,71.18,9598286.0,0.0,1.0
2022-08-22,70.91,74.94,70.29,71.47,71.47,9082357.0,0.0,1.0
2022-08-19,76.0,78.2513,74.01,74.06,74.06,13727856.0,0.0,1.0
2022-08-18,86.33,86.36,81.42,83.47,83.47,7923316.0,0.0,1.0
2022-08-17,87.505,88.64,84.7704,85.44,85.44,10697919.0,0.0,1.0
2022-08-16,90.55,95.5,84.2397,90.39,90.39,17055022.0,0.0,1.0
2022-08-15,89.11,93.6799,88.59,91.97,91.97,11001934.0,0.0,1.0
2022-08-12,85.23,92.48,83.2899,90.49,90.49,13755196.0,0.0,1.0
2022-08-11,97.25,98.7,82.31,84.0,84.0,23247255.0,0.0,1.0
2022-08-10,89.98,95.0,88.0,94.14,94.14,23818204.0,0.0,1.0
2022-08-09,93.89,93.89,85.6,87.68,87.68,17411400.0,0.0,1.0
2022-08-08,97.84,103.55,93.8096,98.02,98.02,18878661.0,0.0,1.0
2022-08-05,86.58,98.87,86.52,93.05,93.05,24865731.0,0.0,1.0
2022-08-04,106.1,116.3,86.785,88.9,88.9,54342800.0,0.0,1.0
2022-08-03,69.05,82.25,67.61,80.81,80.81,24784175.0,0.0,1.0
2022-08-02,60.91,69.59,60.8,67.23,67.23,12142089.0,0.0,1.0
2022-08-01,61.19,63.62,59.42,62.7,62.7,7361252.0,0.0,1.0
2022-07-29,60.14,64.2299,59.77,62.96,62.96,9113752.0,0.0,1.0
2022-07-28,58.235,62.95,55.59,62.25,62.25,13674813.0,0.0,1.0
2022-07-27,54.87,60.61,53.12,58.83,58.83,18230196.0,0.0,1.0
2022-07-26,61.69,62.89,52.63,52.93,52.93,26875839.0,0.0,1.0
2022-07-25,68.93,69.9797,66.3,67.07,67.07,8797556.0,0.0,1.0
2022-07-22,76.2,76.5719,69.09,70.82,70.82,12013281.0,0.0,1.0
2022-07-21,71.0,76.62,70.28,73.98,73.98,17301194.0,0.0,1.0
2022-07-20,67.08,79.0,67.05,75.27,75.27,34031955.0,0.0,1.0
2022-07-19,60.86,65.98,57.78,65.83,65.83,19210643.0,0.0,1.0
2022-07-18,56.71,63.38,56.69,58.67,58.67,21226156.0,0.0,1.0
2022-07-15,54.35,56.55,51.93,53.79,53.79,10714321.0,0.0,1.0
2022-07-14,52.335,54.71,50.34,53.42,53.42,9682070.0,0.0,1.0
2022-07-13,51.68,54.73,50.4001,53.1,53.1,9439934.0,0.0,1.0
2022-07-12,53.7,56.11,52.62,54.24,54.24,8466218.0,0.0,1.0
2022-07-11,57.535,58.43,53.3,53.88,53.88,10750821.0,0.0,1.0
2022-07-08,55.61,63.7,54.51,60.29,60.29,17950500.0,0.0,1.0
2022-07-07,52.14,57.65,52.14,57.46,57.46,12318519.0,0.0,1.0
2022-07-06,54.17,56.2741,51.4,51.71,51.71,11881899.0,0.0,1.0
2022-07-05,48.125,55.82,45.95,55.41,55.41,13113668.0,0.0,1.0
2022-07-01,47.99,50.1601,47.52,49.04,49.04,8556521.0,0.0,1.0
2022-06-30,48.2,48.4,44.15,47.02,47.02,12934359.0,0.0,1.0
2022-06-29,50.5,51.46,48.59,49.75,49.75,9776155.0,0.0,1.0
2022-06-28,56.26,57.25,50.331,51.18,51.18,10277178.0,0.0,1.0
2022-06-27,59.56,60.45,55.02,55.96,55.96,15201607.0,0.0,1.0
2022-06-24,60.0,64.09,59.3256,62.71,62.71,24381357.0,0.0,1.0
2022-06-23,53.6,59.62,51.83,58.88,58.88,15840689.0,0.0,1.0
2022-06-22,53.87,56.75,51.565,51.91,51.91,18947676.0,0.0,1.0
2022-06-21,54.2,60.75,54.1,57.49,57.49,16916242.0,0.0,1.0
2022-06-17,50.12,52.8,49.28,51.22,51.22,11771005.0,0.0,1.0
2022-06-16,52.58,54.4299,50.08,51.05,51.05,13157743.0,0.0,1.0
2022-06-15,50.94,56.66,50.45,55.01,55.01,16340087.0,0.0,1.0
2022-06-14,52.5,53.29,48.81,51.58,51.58,17430264.0,0.0,1.0
2022-06-13,46.18,54.3,46.0001,52.01,52.01,28961424.0,0.0,1.0
2022-06-10,60.0,61.629,57.77,58.71,58.71,11001124.0,0.0,1.0
2022-06-09,69.08,69.38,63.12,63.76,63.76,9349323.0,0.0,1.0
2022-06-08,69.23,72.98,68.3001,69.2,69.2,6276638.0,0.0,1.0
2022-06-07,67.31,69.97,64.36,69.57,69.57,8485074.0,0.0,1.0
2022-06-06,70.76,74.11,68.43,70.67,70.67,9352377.0,0.0,1.0
2022-06-03,69.39,70.5,65.61,66.69,66.69,10213584.0,0.0,1.0
2022-06-02,67.8,74.48,67.28,73.82,73.82,8643601.0,0.0,1.0
2022-06-01,77.5,77.8,67.8,68.63,68.63,14608492.0,0.0,1.0
2022-05-31,80.0,83.32,75.6,78.1,78.1,22623167.0,0.0,1.0
2022-05-27,69.84,77.18,69.84,75.32,75.32,14112792.0,0.0,1.0
2022-05-26,63.97,71.17,62.3,69.87,69.87,12000226.0,0.0,1.0
2022-05-25,61.07,68.5,60.99,67.17,67.17,11061966.0,0.0,1.0
2022-05-24,64.56,64.56,59.12,61.36,61.36,10714877.0,0.0,1.0
2022-05-23,65.54,68.65,62.35,66.1,66.1,12055671.0,0.0,1.0
2022-05-20,69.37,70.74,62.05,66.15,66.15,15166300.0,0.0,1.0
2022-05-19,65.0,70.99,63.61,67.42,67.42,15410061.0,0.0,1.0
2022-05-18,67.69,71.81,61.94,63.03,63.03,17422703.0,0.0,1.0
2022-05-17,66.2,70.5,63.111,70.0,70.0,15868005.0,0.0,1.0
2022-05-16,68.06,68.08,60.51,61.7,61.7,18685889.0,0.0,1.0
2022-05-13,69.26,74.25,65.5,67.87,67.87,38264813.0,0.0,1.0
2022-05-12,48.54,60.3,40.83,58.5,58.5,58789009.0,0.0,1.0
2022-05-11,54.845,61.28,50.15,53.72,53.72,67080210.0,0.0,1.0
2022-05-10,87.0,89.38,70.19,72.99,72.99,31780044.0,0.0,1.0
2022-05-09,96.0,96.43,81.78,83.51,83.51,16845410.0,0.0,1.0
2022-05-06,112.5,112.5,100.25,103.74,103.74,9026454.0,0.0,1.0
2022-05-05,125.0,125.64,112.05,114.25,114.25,7324390.0,0.0,1.0
2022-05-04,124.0,132.81,116.2,130.15,130.15,6460331.0,0.0,1.0
2022-05-03,120.23,129.4,119.97,123.56,123.56,5053170.0,0.0,1.0
2022-05-02,113.07,122.29,111.8,121.34,121.34,6229416.0,0.0,1.0
2022-04-29,121.1,129.09,112.14,112.71,112.71,5760916.0,0.0,1.0
2022-04-28,123.69,126.39,113.32,122.69,122.69,8070894.0,0.0,1.0
2022-04-27,125.28,130.71,121.98,122.55,122.55,4658455.0,0.0,1.0
2022-04-26,135.31,136.77,126.515,127.15,127.15,3636084.0,0.0,1.0
2022-04-25,130.01,137.35,129.29,135.14,135.14,4066524.0,0.0,1.0
2022-04-22,137.29,141.1999,131.25,131.52,131.52,5162150.0,0.0,1.0
2022-04-21,151.97,153.44,135.31,137.32,137.32,6252855.0,0.0,1.0
2022-04-20,154.925,154.96,144.85,147.13,147.13,3440405.0,0.0,1.0
2022-04-19,146.02,152.1,144.45,151.27,151.27,2915996.0,0.0,1.0
2022-04-18,145.45,149.5,140.5303,145.16,145.16,4668692.0,0.0,1.0
2022-04-14,153.54,154.0,146.82,147.29,147.29,4082228.0,0.0,1.0
2022-04-13,149.03,156.1599,147.8,154.79,154.79,3740506.0,0.0,1.0
2022-04-12,158.07,162.44,149.41,149.85,149.85,4654416.0,0.0,1.0
2022-04-11,156.57,157.555,151.73,153.87,153.87,4305772.0,0.0,1.0
2022-04-08,165.21,166.0,160.1325,160.94,160.94,2950965.0,0.0,1.0
2022-04-07,166.71,169.4152,160.675,166.19,166.19,3093646.0,0.0,1.0
2022-04-06,172.83,174.325,165.01,166.84,166.84,4675252.0,0.0,1.0
2022-04-05,189.76,191.325,176.26,177.17,177.17,4986643.0,0.0,1.0
2022-04-04,187.34,193.07,186.16,191.65,191.65,2495856.0,0.0,1.0
2022-04-01,189.86,191.87,184.385,186.96,186.96,2975933.0,0.0,1.0
2022-03-31,197.25,198.08,189.56,189.86,189.86,2999155.0,0.0,1.0
2022-03-30,201.29,206.33,194.755,196.7,196.7,3775930.0,0.0,1.0
2022-03-29,198.95,206.79,194.05,204.53,204.53,4811453.0,0.0,1.0
2022-03-28,193.31,203.27,193.01,201.41,201.41,6623976.0,0.0,1.0
2022-03-25,192.0,195.7,182.7953,186.71,186.71,3584038.0,0.0,1.0
2022-03-24,185.26,192.0,179.5,190.19,190.19,3536524.0,0.0,1.0
2022-03-23,184.72,189.55,181.8,183.11,183.11,2311942.0,0.0,1.0
2022-03-22,180.498,188.8142,178.5,186.08,186.08,4055733.0,0.0,1.0
2022-03-21,181.8,183.59,171.7,176.81,176.81,4144672.0,0.0,1.0
2022-03-18,175.03,186.69,175.0,185.94,185.94,4613920.0,0.0,1.0
2022-03-17,170.73,177.5,168.0,177.22,177.22,2975921.0,0.0,1.0
2022-03-16,160.465,173.065,160.0,172.53,172.53,5974284.0,0.0,1.0
2022-03-15,152.9,156.42,150.12,155.98,155.98,4245352.0,0.0,1.0
2022-03-14,159.99,161.7,150.42,153.19,153.19,4450007.0,0.0,1.0
2022-03-11,175.35,175.75,160.0,160.07,160.07,3660530.0,0.0,1.0
2022-03-10,173.135,174.49,168.1001,172.97,172.97,2670643.0,0.0,1.0
2022-03-09,174.26,181.45,173.51,178.97,178.97,4945198.0,0.0,1.0
2022-03-08,160.1,168.35,156.53,161.99,161.99,3840779.0,0.0,1.0
2022-03-07,168.25,172.9799,160.23,161.14,161.14,4424038.0,0.0,1.0
2022-03-04,177.605,178.664,162.1603,165.75,165.75,5861262.0,0.0,1.0
2022-03-03,194.71,194.92,177.1501,178.03,178.03,3734379.0,0.0,1.0
2022-03-02,192.26,196.1499,189.51,194.5,194.5,3414149.0,0.0,1.0
2022-03-01,196.28,205.88,189.63,196.17,196.17,7779188.0,0.0,1.0
2022-02-28,172.5,192.23,172.09,190.77,190.77,8036264.0,0.0,1.0
2022-02-25,180.24,182.0899,170.4024,176.83,176.83,6836807.0,0.0,1.0
2022-02-24,159.08,183.0,155.92,179.56,179.56,8133964.0,0.0,1.0
2022-02-23,180.69,183.34,171.7743,172.74,172.74,3892472.0,0.0,1.0
2022-02-22,180.87,185.75,173.16,176.76,176.76,4393281.0,0.0,1.0
2022-02-18,191.08,192.72,180.5444,189.16,189.16,4502229.0,0.0,1.0
2022-02-17,202.1,206.306,188.93,191.92,191.92,4740622.0,0.0,1.0
2022-02-16,205.38,214.02,203.8335,207.96,207.96,3593552.0,0.0,1.0
2022-02-15,202.31,209.31,201.18,208.95,208.95,3714304.0,0.0,1.0
2022-02-14,193.4848,203.5575,193.4601,195.25,195.25,4528089.0,0.0,1.0
2022-02-11,205.8,205.98,191.02,194.53,194.53,5054238.0,0.0,1.0
2022-02-10,210.57,217.49,202.86,204.77,204.77,4587434.0,0.0,1.0
2022-02-09,210.18,215.25,207.61,214.5,214.5,3811658.0,0.0,1.0
2022-02-08,200.37,209.2472,196.75,208.73,208.73,4639061.0,0.0,1.0
2022-02-07,198.7,211.1099,198.2,205.74,205.74,6668315.0,0.0,1.0
2022-02-04,181.02,197.0,177.45,194.44,194.44,4397868.0,0.0,1.0
2022-02-03,182.261,189.3,179.0,181.31,181.31,3417048.0,0.0,1.0
2022-02-02,195.8087,197.0,181.73,187.37,187.37,3861718.0,0.0,1.0
2022-02-01,197.97,201.45,188.62,197.73,197.73,5159003.0,0.0,1.0
2022-01-31,177.87,192.0,175.03,190.15,190.15,4060455.0,0.0,1.0
2022-01-28,169.1,181.75,162.2,177.58,177.58,6475768.0,0.0,1.0
2022-01-27,182.0294,182.75,168.58,170.2,170.2,5551899.0,0.0,1.0
2022-01-26,193.6009,198.0548,177.0,178.64,178.64,7566264.0,0.0,1.0
2022-01-25,185.165,193.12,177.15,185.63,185.63,6271264.0,0.0,1.0
2022-01-24,173.18,191.86,162.51,191.48,191.48,12999147.0,0.0,1.0
2022-01-21,209.98,210.19,186.86,191.97,191.97,13628293.0,0.0,1.0
2022-01-20,222.3,232.0,220.8369,221.62,221.62,3691232.0,0.0,1.0
2022-01-19,224.245,227.17,218.8201,219.5,219.5,2958542.0,0.0,1.0
2022-01-18,226.82,227.19,219.6001,222.0,222.0,3467075.0,0.0,1.0
2022-01-14,226.62,232.0,222.3,230.03,230.03,4325586.0,0.0,1.0
2022-01-13,241.99,242.87,227.19,228.23,228.23,3814065.0,0.0,1.0
2022-01-12,242.11,246.27,234.42,234.7,234.7,3937013.0,0.0,1.0
2022-01-11,225.5,238.0,222.18,237.23,237.23,5559968.0,0.0,1.0
2022-01-10,224.43,225.26,214.64,225.01,225.01,6800758.0,0.0,1.0
2022-01-07,233.63,238.48,227.59,232.33,232.33,3311993.0,0.0,1.0
2022-01-06,233.19,235.98,224.8801,234.0,234.0,5236023.0,0.0,1.0
2022-01-05,247.715,248.69,232.86,234.23,234.23,5196254.0,0.0,1.0
2022-01-04,253.05,258.8099,244.14,250.15,250.15,3652562.0,0.0,1.0
2022-01-03,256.275,257.03,250.64,251.05,251.05,3363202.0,0.0,1.0
2021-12-31,255.81,259.215,251.52,252.37,252.37,2349441.0,0.0,1.0
2021-12-30,252.6,260.0,252.0411,256.79,256.79,2887587.0,0.0,1.0
2021-12-29,256.67,263.01,251.3652,252.6,252.6,3474312.0,0.0,1.0
2021-12-28,270.0,270.98,259.69,261.33,261.33,4372818.0,0.0,1.0
2021-12-27,270.26,281.9899,270.2,280.27,280.27,4458617.0,0.0,1.0
2021-12-23,256.555,269.305,253.5,268.15,268.15,4106052.0,0.0,1.0
2021-12-22,248.505,254.79,245.64,254.55,254.55,3779126.0,0.0,1.0
2021-12-21,244.15,248.115,239.59,247.69,247.69,2776472.0,0.0,1.0
2021-12-20,236.56,239.37,231.77,238.05,238.05,3572210.0,0.0,1.0
2021-12-17,240.0,250.48,236.0,243.35,243.35,4420273.0,0.0,1.0
2021-12-16,264.455,268.26,244.6301,247.17,247.17,3346623.0,0.0,1.0
2021-12-15,254.49,261.1699,242.26,258.3,258.3,4623492.0,0.0,1.0
2021-12-14,247.2788,260.5,243.5,255.86,255.86,3866603.0,0.0,1.0
2021-12-13,252.14,256.5,244.8,251.37,251.37,3410449.0,0.0,1.0
2021-12-10,266.3,269.19,250.15,255.76,255.76,5062115.0,0.0,1.0
2021-12-09,284.97,284.99,258.921,263.91,263.91,5394557.0,0.0,1.0
2021-12-08,284.435,290.0,278.29,287.48,287.48,2495937.0,0.0,1.0
2021-12-07,277.645,290.19,274.9142,286.42,286.42,4648218.0,0.0,1.0
2021-12-06,253.125,267.2294,244.46,263.24,263.24,5366366.0,0.0,1.0
2021-12-03,286.0,286.0,258.16,265.65,265.65,7271065.0,0.0,1.0
2021-12-02,295.16,305.32,283.82,284.71,284.71,4625052.0,0.0,1.0
2021-12-01,318.6,323.0,293.7,294.5,294.5,4278100.0,0.0,1.0
2021-11-30,320.75,331.7,310.98,315.0,315.0,7168355.0,0.0,1.0
2021-11-29,312.2228,321.575,306.75,319.39,319.39,4159701.0,0.0,1.0
2021-11-26,301.3,307.92,299.151,303.19,303.19,2678688.0,0.0,1.0
2021-11-24,309.38,316.32,305.88,312.38,312.38,2759755.0,0.0,1.0
2021-11-23,312.5,319.7,304.6,317.2,317.2,3469582.0,0.0,1.0
2021-11-22,333.33,335.9,310.67,315.48,315.48,5013637.0,0.0,1.0
2021-11-19,325.56,339.41,325.4,332.55,332.55,3687652.0,0.0,1.0
2021-11-18,343.0,344.8399,323.41,323.57,323.57,5408786.0,0.0,1.0
2021-11-17,342.025,348.49,338.18,346.52,346.52,3772131.0,0.0,1.0
2021-11-16,333.14,347.4,331.58,342.12,342.12,4128078.0,0.0,1.0
2021-11-15,345.1,355.1999,339.03,345.36,345.36,4465702.0,0.0,1.0
2021-11-12,339.25,344.0,332.56,342.98,342.98,4442125.0,0.0,1.0
2021-11-11,327.428,342.4899,327.0007,336.39,336.39,4905822.0,0.0,1.0
2021-11-10,327.22,348.9799,320.0,328.6,328.6,15168856.0,0.0,1.0
2021-11-09,367.39,368.9,345.06,357.39,357.39,9044071.0,0.0,1.0
2021-11-08,349.5009,363.17,345.56,353.92,353.92,8531091.0,0.0,1.0
2021-11-05,345.23,345.23,333.442,337.05,337.05,3527615.0,0.0,1.0
2021-11-04,340.74,345.85,333.88,344.45,344.45,5893705.0,0.0,1.0
2021-11-03,335.26,344.47,328.31,344.38,344.38,4809761.0,0.0,1.0
2021-11-02,336.33,345.25,332.14,336.34,336.34,6046956.0,0.0,1.0
2021-11-01,324.7723,338.43,323.9,330.99,330.99,6235627.0,0.0,1.0
2021-10-29,319.3173,326.5,316.14,319.42,319.42,3766383.0,0.0,1.0
2021-10-28,319.81,327.72,311.0,319.13,319.13,5952310.0,0.0,1.0
2021-10-27,309.33,320.28,306.5,311.67,311.67,5253293.0,0.0,1.0
2021-10-26,328.15,328.48,315.5101,319.49,319.49,7635766.0,0.0,1.0
2021-10-25,306.76,327.0,305.11,325.54,325.54,8444881.0,0.0,1.0
2021-10-22,302.0,306.0,293.62,300.84,300.84,5437345.0,0.0,1.0
2021-10-21,311.96,317.18,298.0,300.01,300.01,8289150.0,0.0,1.0
2021-10-20,306.66,317.37,303.96,314.71,314.71,10315292.0,0.0,1.0
2021-10-19,300.0,307.85,294.1101,305.63,305.63,14785678.0,0.0,1.0
2021-10-18,275.74,296.98,271.5,293.34,293.34,11801121.0,0.0,1.0
2021-10-15,266.6,281.72,266.53,280.61,280.61,9517534.0,0.0,1.0
2021-10-14,250.9,262.95,249.1,260.0,260.0,6307081.0,0.0,1.0
2021-10-13,246.5,249.73,244.56,246.78,246.78,2886897.0,0.0,1.0
2021-10-12,254.26,256.3721,246.08,249.33,249.33,3971908.0,0.0,1.0
2021-10-11,249.57,263.19,248.485,256.5,256.5,4945286.0,0.0,1.0
2021-10-08,253.525,256.18,246.9,248.14,248.14,2873719.0,0.0,1.0
2021-10-07,248.0,253.0,245.651,251.59,251.59,3213151.0,0.0,1.0
2021-10-06,242.4,252.14,242.2,250.38,250.38,5747679.0,0.0,1.0
2021-10-05,231.35,240.09,230.785,240.09,240.09,2994406.0,0.0,1.0
2021-10-04,231.49,233.1,224.51,229.31,229.31,2591132.0,0.0,1.0
2021-10-01,232.8869,235.76,226.929,231.15,231.15,3457269.0,0.0,1.0
2021-09-30,227.0,229.99,225.28,227.48,227.48,2522537.0,0.0,1.0
2021-09-29,231.0,233.77,225.04,225.28,225.28,2547285.0,0.0,1.0
2021-09-28,229.68,232.5126,227.52,229.84,229.84,3231210.0,0.0,1.0
2021-09-27,231.88,233.399,227.35,232.24,232.24,3234810.0,0.0,1.0
2021-09-24,231.0,235.31,229.1701,231.82,231.82,3699987.0,0.0,1.0
2021-09-23,244.57,245.8,237.07,237.5,237.5,3151330.0,0.0,1.0
2021-09-22,239.91,243.2,237.76,241.85,241.85,1660175.0,0.0,1.0
2021-09-21,237.01,240.26,234.26,238.46,238.46,2174748.0,0.0,1.0
2021-09-20,234.45,237.36,231.15,236.53,236.53,4192592.0,0.0,1.0
2021-09-17,243.125,245.63,238.75,245.19,245.19,2947971.0,0.0,1.0
2021-09-16,247.38,247.46,239.61,243.21,243.21,2596793.0,0.0,1.0
2021-09-15,244.0,249.47,242.05,247.07,247.07,2148260.0,0.0,1.0
2021-09-14,247.25,248.7899,241.272,243.0,243.0,2748872.0,0.0,1.0
2021-09-13,246.51,251.88,239.6,242.84,242.84,4021434.0,0.0,1.0
2021-09-10,257.31,258.87,247.4,248.32,248.32,3191273.0,0.0,1.0
2021-09-09,260.3,263.81,255.7,256.42,256.42,3074527.0,0.0,1.0
2021-09-08,257.0,262.95,253.88,258.2,258.2,4507574.0,0.0,1.0
2021-09-07,277.0,278.87,262.6001,266.81,266.81,5173032.0,0.0,1.0
2021-09-03,272.0,280.61,270.03,278.44,278.44,4438250.0,0.0,1.0
2021-09-02,272.54,275.66,266.0,268.18,268.18,3736924.0,0.0,1.0
2021-09-01,260.3127,272.1,258.6301,265.9,265.9,4789631.0,0.0,1.0
2021-08-31,260.0172,263.4,257.18,259.0,259.0,2493804.0,0.0,1.0
2021-08-30,256.3482,263.3369,256.2501,262.66,262.66,2687570.0,0.0,1.0
2021-08-27,249.39,259.67,248.0863,259.12,259.12,3201369.0,0.0,1.0
2021-08-26,253.21,255.2,248.5,248.54,248.54,3038888.0,0.0,1.0
2021-08-25,257.0,262.11,256.0,256.77,256.77,2675110.0,0.0,1.0
2021-08-24,256.99,260.2499,253.2,259.28,259.28,3982757.0,0.0,1.0
2021-08-23,263.6663,266.5,255.0,256.0,256.0,5705279.0,0.0,1.0
2021-08-20,252.0,260.62,251.42,257.32,257.32,4031097.0,0.0,1.0
2021-08-19,240.6,249.77,239.1916,248.24,248.24,3247230.0,0.0,1.0
2021-08-18,249.0,254.4,243.76,244.39,244.39,2564969.0,0.0,1.0
2021-08-17,253.14,260.74,246.23,250.8,250.8,3101977.0,0.0,1.0
2021-08-16,265.26,265.43,253.6018,256.83,256.83,3241136.0,0.0,1.0
2021-08-13,262.82,266.5,259.97,261.25,261.25,4388845.0,0.0,1.0
2021-08-12,266.39,267.75,255.2,256.5,256.5,8266747.0,0.0,1.0
2021-08-11,282.338,294.0,274.3501,278.4,278.4,13998306.0,0.0,1.0
2021-08-10,280.67,281.5,264.25,269.67,269.67,7723436.0,0.0,1.0
2021-08-09,267.85,282.43,267.5,280.47,280.47,8892383.0,0.0,1.0
2021-08-06,255.5,263.9,250.23,258.26,258.26,5579943.0,0.0,1.0
2021-08-05,239.76,258.31,237.59,255.5,255.5,6017849.0,0.0,1.0
2021-08-04,231.06,245.4683,229.85,244.36,244.36,3684694.0,0.0,1.0
2021-08-03,233.87,235.6899,226.91,230.18,230.18,2850545.0,0.0,1.0
2021-08-02,237.28,240.3765,233.8,235.4,235.4,2151346.0,0.0,1.0
2021-07-30,233.28,238.07,231.8956,236.58,236.58,2041063.0,0.0,1.0
2021-07-29,241.77,245.1599,235.33,235.78,235.78,2413569.0,0.0,1.0
2021-07-28,240.3,242.8657,238.03,241.75,241.75,2065223.0,0.0,1.0
2021-07-27,243.0,243.21,229.12,235.08,235.08,5636360.0,0.0,1.0
2021-07-26,240.0835,249.8,237.88,245.45,245.45,7615718.0,0.0,1.0
2021-07-23,226.22,227.3465,222.73,224.92,224.92,1574726.0,0.0,1.0
2021-07-22,232.0,232.32,224.5,226.08,226.08,2551694.0,0.0,1.0
2021-07-21,231.6975,237.15,229.19,230.87,230.87,3677370.0,0.0,1.0
2021-07-20,216.71,226.89,213.23,224.96,224.96,3104775.0,0.0,1.0
2021-07-19,216.92,221.89,213.22,220.61,220.61,3149313.0,0.0,1.0
2021-07-16,227.2,231.3,220.6645,225.01,225.01,3373060.0,0.0,1.0
2021-07-15,229.94,234.47,220.37,224.63,224.63,3635910.0,0.0,1.0
2021-07-14,244.9,247.45,229.16,229.94,229.94,4808426.0,0.0,1.0
2021-07-13,245.51,249.15,242.9303,243.31,243.31,3307965.0,0.0,1.0
2021-07-12,254.0,254.89,246.83,247.67,247.67,2222085.0,0.0,1.0
2021-07-09,245.0,256.99,244.21,253.88,253.88,4457367.0,0.0,1.0
2021-07-08,239.0,246.6,233.61,244.29,244.29,4349961.0,0.0,1.0
2021-07-07,238.9608,252.99,232.3362,251.97,251.97,4804431.0,0.0,1.0
2021-07-06,243.0,243.0,234.0201,235.41,235.41,2212615.0,0.0,1.0
2021-07-02,242.0,246.8004,238.88,240.72,240.72,2328028.0,0.0,1.0
2021-07-01,251.09,255.15,240.53,241.44,241.44,3627357.0,0.0,1.0
2021-06-30,248.3,254.67,247.0,253.3,253.3,4143487.0,0.0,1.0
2021-06-29,250.2,261.15,250.01,254.9,254.9,7867552.0,0.0,1.0
2021-06-28,227.64,248.06,226.13,246.69,246.69,7449035.0,0.0,1.0
2021-06-25,226.97,227.82,223.22,224.54,224.54,2506957.0,0.0,1.0
2021-06-24,228.46,230.04,226.665,229.93,229.93,2857722.0,0.0,1.0
2021-06-23,225.54,230.5231,224.5001,226.01,226.01,3394664.0,0.0,1.0
2021-06-22,216.25,223.15,210.77,222.47,222.47,6206112.0,0.0,1.0
2021-06-21,223.14,224.99,218.7672,222.6,222.6,4687569.0,0.0,1.0
2021-06-18,226.92,232.69,226.5,229.29,229.29,3265165.0,0.0,1.0
2021-06-17,226.88,233.23,226.35,230.66,230.66,2589611.0,0.0,1.0
2021-06-16,231.4,234.68,226.28,228.05,228.05,2853257.0,0.0,1.0
2021-06-15,236.227,237.6699,230.96,232.21,232.21,3007899.0,0.0,1.0
2021-06-14,231.265,239.76,229.76,239.1,239.1,6151688.0,0.0,1.0
2021-06-11,223.5,225.74,221.96,223.92,223.92,2383458.0,0.0,1.0
2021-06-10,226.22,229.7856,221.47,221.85,221.85,3955294.0,0.0,1.0
2021-06-09,222.795,229.789,217.4,224.32,224.32,6865914.0,0.0,1.0
2021-06-08,227.16,229.329,217.4,220.66,220.66,6015772.0,0.0,1.0
2021-06-07,229.9179,232.56,226.5,231.45,231.45,2658314.0,0.0,1.0
2021-06-04,229.9939,233.36,227.5,228.79,228.79,3775123.0,0.0,1.0
2021-06-03,241.39,241.5,233.5001,233.66,233.66,3091112.0,0.0,1.0
2021-06-02,242.7962,243.9,238.71,240.48,240.48,3383753.0,0.0,1.0
2021-06-01,238.51,244.7094,238.1,238.93,238.93,3962697.0,0.0,1.0
2021-05-28,243.57,244.63,236.54,236.54,236.54,5091479.0,0.0,1.0
2021-05-27,245.21,247.24,240.32,247.09,247.09,5083274.0,0.0,1.0
2021-05-26,247.5,249.39,239.3727,241.52,241.52,6602815.0,0.0,1.0
2021-05-25,230.0,243.99,228.0,242.41,242.41,11827823.0,0.0,1.0
2021-05-24,227.28,231.0,224.04,225.3,225.3,10185621.0,0.0,1.0
2021-05-21,235.97,238.97,223.9,224.35,224.35,7554937.0,0.0,1.0
2021-05-20,236.1,238.8,226.2601,233.4,233.4,10386891.0,0.0,1.0
2021-05-19,212.9256,229.0,208.0,224.8,224.8,16765954.0,0.0,1.0
2021-05-18,238.83,252.165,238.5,239.0,239.0,7852101.0,0.0,1.0
2021-05-17,250.0,250.25,238.25,248.24,248.24,8828143.0,0.0,1.0
2021-05-14,280.37,280.64,256.351,258.37,258.37,11751752.0,0.0,1.0
2021-05-13,276.46,285.0,252.26,265.1,265.1,11226843.0,0.0,1.0
2021-05-12,299.5428,306.98,280.79,283.61,283.61,7214195.0,0.0,1.0
2021-05-11,281.05,303.32,276.51,303.0,303.0,7456019.0,0.0,1.0
2021-05-10,266.4,297.5,259.37,293.45,293.45,10268641.0,0.0,1.0
2021-05-07,261.1519,267.072,258.3801,263.7,263.7,4243741.0,0.0,1.0
2021-05-06,271.15,272.14,250.51,256.76,256.76,8342002.0,0.0,1.0
2021-05-05,284.9521,289.15,269.0,273.0,273.0,5074631.0,0.0,1.0
2021-05-04,292.0622,292.19,275.61,280.66,280.66,5707704.0,0.0,1.0
2021-05-03,304.0,305.03,293.94,294.21,294.21,3333846.0,0.0,1.0
2021-04-30,293.0,302.7399,291.0,297.64,297.64,3997384.0,0.0,1.0
2021-04-29,298.4494,300.0,292.1,294.77,294.77,2845798.0,0.0,1.0
2021-04-28,301.01,302.8999,298.05,298.05,298.05,2746079.0,0.0,1.0
2021-04-27,306.7,306.7,299.5,302.0,302.0,3901957.0,0.0,1.0
2021-04-26,304.29,306.1,296.9,304.54,304.54,6330230.0,0.0,1.0
2021-04-23,282.75,303.0,282.07,291.6,291.6,9891146.0,0.0,1.0
2021-04-22,305.7595,313.5,287.2033,293.45,293.45,14991941.0,0.0,1.0
2021-04-21,312.52,327.47,302.1,311.92,311.92,10103896.0,0.0,1.0
2021-04-20,333.425,334.83,312.0201,320.82,320.82,18082257.0,0.0,1.0
2021-04-19,337.26,341.01,326.79,333.0,333.0,11405556.0,0.0,1.0
2021-04-16,327.5,345.99,321.03,342.0,342.0,22654542.0,0.0,1.0
2021-04-15,348.9,349.2,317.2701,322.75,322.75,39777858.0,0.0,1.0
2021-04-14,381.0,429.54,310.0,328.28,328.28,81065746.0,0.0,1.0
