1. open,2. high,3. low,4. close,5. adjusted close,6. volume,7. dividend amount,8. split coefficient
10.41,10.51,9.67,9.8,9.8,56526152.0,0.0,1.0
10.31,10.6,10.2,10.51,10.51,35906303.0,0.0,1.0
10.0,10.75,9.94,10.46,10.46,66081898.0,0.0,1.0
9.3,9.95,9.26,9.83,9.83,56384485.0,0.0,1.0
9.15,9.27,9.03,9.2,9.2,31341451.0,0.0,1.0
9.03,9.13,8.835,8.93,8.93,20452452.0,0.0,1.0
9.22,9.23,8.83,9.07,9.07,28722601.0,0.0,1.0
9.35,9.455,9.13,9.27,9.27,30132788.0,0.0,1.0
9.5,9.53,9.06,9.09,9.09,36811681.0,0.0,1.0
8.96,9.37,8.9101,9.27,9.27,52342775.0,0.0,1.0
8.1,9.06,8.065,8.75,8.75,56190647.0,0.0,1.0
8.54,8.74,8.18,8.26,8.26,38374663.0,0.0,1.0
8.13,8.54,8.1,8.5,8.5,27761077.0,0.0,1.0
8.21,8.32,8.07,8.25,8.25,40281714.0,0.0,1.0
8.51,8.555,8.345,8.42,8.42,36783141.0,0.0,1.0
8.35,8.69,8.03,8.55,8.55,43877061.0,0.0,1.0
8.78,8.81,8.33,8.51,8.51,46631316.0,0.0,1.0
9.01,9.1693,8.715,8.79,8.79,48894342.0,0.0,1.0
8.865,9.18,8.67,9.18,9.18,39709092.0,0.0,1.0
9.19,9.255,8.87,8.97,8.97,45081476.0,0.0,1.0
9.5,9.64,9.3,9.31,9.31,35308771.0,0.0,1.0
8.97,9.7,8.92,9.57,9.57,60775133.0,0.0,1.0
8.5,9.12,8.31,9.09,9.09,73358795.0,0.0,1.0
9.335,9.45,8.77,8.83,8.83,82172521.0,0.0,1.0
9.2,9.44,9.12,9.39,9.39,53310754.0,0.0,1.0
9.53,9.585,9.24,9.33,9.33,42356413.0,0.0,1.0
9.51,9.515,9.13,9.3,9.3,56808866.0,0.0,1.0
10.39,10.4,9.58,9.79,9.79,50261645.0,0.0,1.0
10.01,10.2059,9.9,10.18,10.18,34099396.0,0.0,1.0
10.05,10.31,9.9599,10.03,10.03,35046665.0,0.0,1.0
10.1,10.2377,9.9301,10.19,10.19,37467037.0,0.0,1.0
10.46,10.6,10.185,10.19,10.19,38647013.0,0.0,1.0
10.09,10.5,10.09,10.5,10.5,35925516.0,0.0,1.0
10.19,10.35,9.91,10.31,10.31,38028610.0,0.0,1.0
10.47,10.54,10.28,10.31,10.31,30815835.0,0.0,1.0
10.25,10.39,10.02,10.31,10.31,38377073.0,0.0,1.0
10.97,11.02,10.37,10.47,10.47,40466261.0,0.0,1.0
10.75,10.91,10.58,10.65,10.65,28370236.0,0.0,1.0
11.0,11.02,10.56,10.92,10.92,35350748.0,0.0,1.0
10.95,11.03,10.67,10.93,10.93,45482552.0,0.0,1.0
11.65,11.9,11.16,11.19,11.19,55798837.0,0.0,1.0
12.12,12.37,11.81,11.96,11.96,68872821.0,0.0,1.0
12.24,12.32,11.585,12.1,12.1,65907216.0,0.0,1.0
11.91,12.355,11.76,12.07,12.07,45863141.0,0.0,1.0
12.43,12.44,11.85,12.02,12.02,54969955.0,0.0,1.0
12.145,13.22,11.98,12.71,12.71,69734435.0,0.0,1.0
12.43,12.47,11.8,12.17,12.17,51635145.0,0.0,1.0
11.46,11.77,11.28,11.63,11.63,26348934.0,0.0,1.0
14.36,14.36,11.06,11.68,11.68,37478554.0,0.0,1.0
11.28,12.35,11.15,12.06,12.06,64034111.0,0.0,1.0
10.95,11.34,10.83,11.07,11.07,39012525.0,0.0,1.0
10.88,11.175,10.62,10.77,10.77,33638133.0,0.0,1.0
11.485,11.69,10.98,11.01,11.01,43306240.0,0.0,1.0
11.32,11.51,11.09,11.41,11.41,48895649.0,0.0,1.0
11.44,11.81,11.23,11.8,11.8,41631545.0,0.0,1.0
11.49,11.81,11.125,11.81,11.81,40125272.0,0.0,1.0
11.35,11.72,10.99,11.51,11.51,42554540.0,0.0,1.0
11.1,11.38,10.68,11.24,11.24,44315541.0,0.0,1.0
10.63,11.12,10.63,10.76,10.76,42870126.0,0.0,1.0
10.06,10.385,9.5,10.37,10.37,70946669.0,0.0,1.0
10.39,10.97,10.24,10.86,10.86,37262747.0,0.0,1.0
9.97,10.9,9.85,10.63,10.63,63723786.0,0.0,1.0
10.21,10.505,9.5,9.63,9.63,54095603.0,0.0,1.0
9.83,9.98,9.52,9.75,9.75,40863792.0,0.0,1.0
9.92,10.27,9.77,9.99,9.99,49380227.0,0.0,1.0
10.01,10.25,9.61,9.8,9.8,42225321.0,0.0,1.0
10.53,10.61,9.97,10.06,10.06,54165749.0,0.0,1.0
11.22,11.22,10.69,10.97,10.97,33666120.0,0.0,1.0
11.45,11.58,10.76,11.29,11.29,32468886.0,0.0,1.0
11.07,11.705,10.86,11.61,11.61,34243991.0,0.0,1.0
10.67,11.59,10.58,11.09,11.09,44765263.0,0.0,1.0
11.655,11.655,10.83,11.06,11.06,40564575.0,0.0,1.0
12.13,12.38,11.595,11.6,11.6,46476292.0,0.0,1.0
12.33,12.6299,11.68,11.88,11.88,41620865.0,0.0,1.0
12.45,12.53,11.9701,12.1,12.1,33251867.0,0.0,1.0
13.11,13.24,12.03,12.31,12.31,52084305.0,0.0,1.0
12.3,12.58,12.16,12.49,12.49,35211112.0,0.0,1.0
13.17,13.32,12.6201,12.63,12.63,44101137.0,0.0,1.0
13.0,13.55,12.88,13.41,13.41,52377739.0,0.0,1.0
12.42,12.715,12.145,12.58,12.58,52840541.0,0.0,1.0
13.0,13.28,12.43,13.24,13.24,62747576.0,0.0,1.0
13.99,14.03,12.59,12.8,12.8,94815793.0,0.0,1.0
12.06,13.32,11.97,13.13,13.13,106291222.0,0.0,1.0
12.35,12.55,11.95,12.09,12.09,59583374.0,0.0,1.0
11.34,13.27,11.34,12.78,12.78,173184958.0,0.0,1.0
10.65,10.9,10.39,10.5,10.5,48292293.0,0.0,1.0
10.05,10.63,9.99,10.12,10.12,39198805.0,0.0,1.0
10.26,10.3,9.96,10.17,10.17,23487640.0,0.0,1.0
10.31,10.735,10.24,10.56,10.56,49399120.0,0.0,1.0
9.87,10.1,9.75,10.01,10.01,36096337.0,0.0,1.0
10.22,10.25,9.67,10.02,10.02,53072146.0,0.0,1.0
10.65,10.81,10.26,10.47,10.47,49320198.0,0.0,1.0
10.25,10.715,9.93,10.67,10.67,62563462.0,0.0,1.0
11.17,11.29,10.45,10.53,10.53,49624855.0,0.0,1.0
11.905,11.95,11.36,11.51,11.51,63244226.0,0.0,1.0
11.86,12.12,11.17,11.17,11.17,62011983.0,0.0,1.0
10.79,11.69,10.54,11.56,11.56,100635550.0,0.0,1.0
10.3,10.83,10.05,10.34,10.34,84026754.0,0.0,1.0
10.0,10.175,9.14,9.25,9.25,81211776.0,0.0,1.0
10.68,10.8697,10.08,10.56,10.56,61734919.0,0.0,1.0
12.23,12.38,10.7,10.98,10.98,84143588.0,0.0,1.0
11.0,11.69,10.6,11.68,11.68,125406433.0,0.0,1.0
9.19,10.17,9.03,9.94,9.94,64660309.0,0.0,1.0
9.6,10.13,9.48,9.49,9.49,76033430.0,0.0,1.0
10.33,10.45,9.685,9.71,9.71,56233207.0,0.0,1.0
9.51,10.05,9.38,9.67,9.67,46879566.0,0.0,1.0
9.5,9.98,9.28,9.69,9.69,74420567.0,0.0,1.0
10.53,10.73,9.965,9.98,9.98,64014707.0,0.0,1.0
10.44,11.085,10.23,10.81,10.81,79279474.0,0.0,1.0
9.81,10.63,9.53,10.63,10.63,98188964.0,0.0,1.0
10.01,10.03,8.375,9.45,9.45,166523691.0,0.0,1.0
10.67,11.21,10.4101,11.21,11.21,42496344.0,0.0,1.0
11.03,11.43,10.88,10.97,10.97,47109291.0,0.0,1.0
11.8,11.9,10.71,10.92,10.92,99014243.0,0.0,1.0
13.08,13.22,12.09,12.21,12.21,58185375.0,0.0,1.0
12.19,12.64,12.121,12.21,12.21,51097229.0,0.0,1.0
12.99,13.18,11.73,11.75,11.75,60039763.0,0.0,1.0
12.35,12.85,11.95,12.78,12.78,53451097.0,0.0,1.0
12.93,13.455,12.48,12.88,12.88,50001274.0,0.0,1.0
13.13,13.42,12.58,12.83,12.83,51761537.0,0.0,1.0
13.66,13.73,13.02,13.28,13.28,48731714.0,0.0,1.0
14.29,14.53,13.54,13.76,13.76,53268911.0,0.0,1.0
16.0,16.24,14.76,14.77,14.77,67739039.0,0.0,1.0
16.5,16.679,15.64,16.04,16.04,39737476.0,0.0,1.0
16.17,16.879,15.95,16.73,16.73,45093557.0,0.0,1.0
15.85,15.94,15.275,15.49,15.49,38422951.0,0.0,1.0
15.21,16.15,15.2,15.77,15.77,39341292.0,0.0,1.0
16.83,16.94,15.37,15.58,15.58,51671121.0,0.0,1.0
16.8,17.46,16.66,17.33,17.33,37295608.0,0.0,1.0
18.18,18.23,16.975,17.19,17.19,40675183.0,0.0,1.0
17.77,18.4,17.53,17.62,17.62,42024469.0,0.0,1.0
18.0,18.21,17.42,17.64,17.64,39484356.0,0.0,1.0
18.51,19.18,18.09,18.35,18.35,36714989.0,0.0,1.0
20.12,20.16,18.25,18.3,18.3,64553218.0,0.0,1.0
20.7,20.95,20.21,20.41,20.41,29289960.0,0.0,1.0
19.75,20.96,19.75,20.9,20.9,36243974.0,0.0,1.0
21.1,21.35,19.96,20.15,20.15,65778725.0,0.0,1.0
21.51,22.74,21.25,21.51,21.51,43787912.0,0.0,1.0
21.47,22.09,21.03,21.94,21.94,47206662.0,0.0,1.0
20.95,22.3,20.845,21.97,21.97,77974404.0,0.0,1.0
20.1,21.875,20.01,21.75,21.75,86993978.0,0.0,1.0
18.4,19.59,18.29,19.16,19.16,55025946.0,0.0,1.0
17.37,17.7,16.985,17.68,17.68,30487815.0,0.0,1.0
16.54,18.3694,16.54,17.48,17.48,58645866.0,0.0,1.0
17.6,17.81,17.09,17.11,17.11,31972029.0,0.0,1.0
18.43,18.65,17.71,17.73,17.73,44131994.0,0.0,1.0
19.28,19.35,18.09,18.79,18.79,47665667.0,0.0,1.0
20.11,20.38,19.28,19.91,19.91,39383502.0,0.0,1.0
19.85,20.22,19.3,19.83,19.83,29823810.0,0.0,1.0
19.66,20.67,19.64,19.81,19.81,33043369.0,0.0,1.0
20.77,21.26,19.81,19.92,19.92,61525420.0,0.0,1.0
19.43,20.37,18.76,20.08,20.08,42455921.0,0.0,1.0
18.01,19.23,18.0,18.87,18.87,29270985.0,0.0,1.0
18.69,18.8,17.73,18.29,18.29,34210242.0,0.0,1.0
18.88,19.26,18.66,18.95,18.95,27327859.0,0.0,1.0
19.62,19.71,18.92,19.05,19.05,24262567.0,0.0,1.0
20.02,20.18,19.51,19.91,19.91,21640077.0,0.0,1.0
20.68,21.02,20.06,20.08,20.08,26455864.0,0.0,1.0
21.15,21.15,20.405,20.91,20.91,32103185.0,0.0,1.0
20.51,21.545,20.47,21.3,21.3,36347463.0,0.0,1.0
20.26,21.17,19.79,21.11,21.11,34953513.0,0.0,1.0
20.4,21.9699,20.08,20.82,20.82,56333137.0,0.0,1.0
19.58,20.07,19.07,20.05,20.05,35345669.0,0.0,1.0
20.23,20.24,19.01,19.17,19.17,38118411.0,0.0,1.0
20.25,20.788,20.15,20.17,20.17,29584796.0,0.0,1.0
20.53,20.68,19.88,20.22,20.22,34056448.0,0.0,1.0
20.39,21.47,20.325,20.9,20.9,37737418.0,0.0,1.0
20.31,20.37,19.43,20.3,20.3,44049861.0,0.0,1.0
19.68,20.95,19.61,20.18,20.18,51261963.0,0.0,1.0
20.19,20.76,19.868,20.18,20.18,54375762.0,0.0,1.0
18.81,19.835,18.66,19.73,19.73,36943004.0,0.0,1.0
19.18,19.55,18.59,19.49,19.49,31078790.0,0.0,1.0
19.14,19.5,18.75,19.38,19.38,32854073.0,0.0,1.0
19.35,19.74,18.91,19.04,19.04,27669949.0,0.0,1.0
18.98,19.5,18.77,19.33,19.33,30357221.0,0.0,1.0
20.72,20.78,19.0,19.24,19.24,55606897.0,0.0,1.0
20.16,21.1699,20.155,20.68,20.68,39842075.0,0.0,1.0
20.01,20.9489,20.01,20.37,20.37,40381214.0,0.0,1.0
21.1,21.1,19.525,20.2,20.2,63211671.0,0.0,1.0
20.96,21.82,20.6,20.84,20.84,40382252.0,0.0,1.0
20.84,20.9,19.93,20.72,20.72,41337762.0,0.0,1.0
21.06,21.45,20.66,21.05,21.05,39870470.0,0.0,1.0
20.23,21.8,20.23,21.09,21.09,50089210.0,0.0,1.0
20.41,21.19,20.04,20.87,20.87,49780835.0,0.0,1.0
21.6,21.74,20.5,20.57,20.57,54822660.0,0.0,1.0
22.16,23.28,21.66,22.6,22.6,48917208.0,0.0,1.0
21.4,23.1,21.36,22.5,22.5,72102001.0,0.0,1.0
21.81,21.84,20.2634,20.83,20.83,58981662.0,0.0,1.0
21.04,22.2,20.35,22.18,22.18,50662859.0,0.0,1.0
22.32,22.495,20.95,21.36,21.36,56855466.0,0.0,1.0
21.86,22.115,20.9,21.72,21.72,53074070.0,0.0,1.0
20.76,22.28,20.6,21.86,21.86,71581966.0,0.0,1.0
22.36,23.45,22.02,22.36,22.36,76353093.0,0.0,1.0
24.13,24.43,22.85,22.95,22.95,61701585.0,0.0,1.0
23.22,24.17,23.16,24.08,24.08,67062609.0,0.0,1.0
23.11,23.21,22.23,23.05,23.05,77502780.0,0.0,1.0
22.34,23.13,21.93,22.55,22.55,81590468.0,0.0,1.0
21.84,23.1,21.58,22.66,22.66,90287681.0,0.0,1.0
19.77,20.89,19.73,20.77,20.77,82067286.0,0.0,1.0
19.18,19.93,18.47,19.18,19.18,77244473.0,0.0,1.0
18.96,20.26,18.18,20.11,20.11,121426035.0,0.0,1.0
16.53,19.09,16.49,18.66,18.66,105582684.0,0.0,1.0
17.32,17.49,15.84,15.99,15.99,60529415.0,0.0,1.0
18.86,19.1799,17.81,18.14,18.14,61359973.0,0.0,1.0
18.715,19.68,18.45,18.82,18.82,73904071.0,0.0,1.0
20.32,20.45,19.86,20.38,20.38,65311628.0,0.0,1.0
18.98,19.68,18.6,19.65,19.65,49357189.0,0.0,1.0
18.99,19.8,18.8,19.18,19.18,68726766.0,0.0,1.0
18.42,18.74,17.81,18.08,18.08,57620710.0,0.0,1.0
17.54,18.85,16.99,18.85,18.85,77824978.0,0.0,1.0
17.59,18.93,17.48,17.57,17.57,92493705.0,0.0,1.0
17.77,17.92,16.76,17.39,17.39,96583292.0,0.0,1.0
16.16,16.69,15.67,16.57,16.57,51414780.0,0.0,1.0
14.52,16.13,14.33,16.03,16.03,64243804.0,0.0,1.0
14.79,15.0,14.09,14.64,14.64,44911059.0,0.0,1.0
15.53,15.53,14.4,14.63,14.63,48413501.0,0.0,1.0
15.8,16.01,15.24,16.0,16.0,65594706.0,0.0,1.0
17.5,17.6,15.68,16.44,16.44,86108911.0,0.0,1.0
16.11,16.8899,15.785,16.66,16.66,61191021.0,0.0,1.0
16.29,16.93,15.66,15.83,15.83,72865478.0,0.0,1.0
15.31,16.69,15.26,16.63,16.63,93233065.0,0.0,1.0
14.81,15.43,14.28,14.55,14.55,82270002.0,0.0,1.0
13.7,14.41,13.54,14.31,14.31,63558017.0,0.0,1.0
12.48,13.7499,11.67,13.1,13.1,83180607.0,0.0,1.0
13.79,14.355,12.64,12.71,12.71,86081345.0,0.0,1.0
14.26,14.68,12.86,13.44,13.44,77181784.0,0.0,1.0
14.33,14.525,13.48,13.55,13.55,63121038.0,0.0,1.0
15.61,15.8135,14.46,14.92,14.92,57655129.0,0.0,1.0
17.41,17.52,14.87,15.38,15.38,95761704.0,0.0,1.0
17.18,18.215,16.72,18.13,18.13,52975938.0,0.0,1.0
17.29,17.84,16.95,17.53,17.53,44062239.0,0.0,1.0
16.53,17.5,16.4,17.5,17.5,56156154.0,0.0,1.0
17.78,18.19,16.658,16.7,16.7,62933918.0,0.0,1.0
16.9,17.24,15.91,16.93,16.93,53118544.0,0.0,1.0
16.52,17.6863,16.52,16.76,16.76,56633016.0,0.0,1.0
17.235,17.41,16.16,16.36,16.36,52077343.0,0.0,1.0
16.81,17.4186,16.18,17.31,17.31,54990872.0,0.0,1.0
17.35,18.29,17.12,17.18,17.18,60727306.0,0.0,1.0
18.34,18.7,16.98,17.15,17.15,61501407.0,0.0,1.0
19.38,19.45,18.065,18.15,18.15,52565053.0,0.0,1.0
19.05,19.89,18.36,19.87,19.87,43394967.0,0.0,1.0
19.51,19.64,18.51,19.17,19.17,40647451.0,0.0,1.0
20.09,20.4,19.53,19.65,19.65,43937481.0,0.0,1.0
19.55,20.56,19.03,20.42,20.42,57163188.0,0.0,1.0
20.03,20.27,19.22,19.46,19.46,51210814.0,0.0,1.0
18.05,20.07,17.77,19.7,19.7,93693818.0,0.0,1.0
20.11,20.71,19.83,20.0,20.0,59574285.0,0.0,1.0
21.49,21.68,19.725,20.36,20.36,82616961.0,0.0,1.0
22.04,22.08,20.93,21.68,21.68,73501069.0,0.0,1.0
23.97,23.98,22.44,22.47,22.47,69290401.0,0.0,1.0
23.31,23.94,22.78,23.85,23.85,101886434.0,0.0,1.0
22.41,23.22,21.56,21.93,21.93,110169251.0,0.0,1.0
22.28,22.28,20.76,21.05,21.05,77641403.0,0.0,1.0
21.83,23.86,21.63,22.17,22.17,114646541.0,0.0,1.0
21.58,21.96,21.02,21.88,21.88,65946085.0,0.0,1.0
20.415,21.23,20.3201,21.21,21.21,75247211.0,0.0,1.0
20.31,20.75,19.35,19.91,19.91,106533943.0,0.0,1.0
22.0,22.12,20.66,21.98,21.98,97155041.0,0.0,1.0
21.6,22.6,20.89,21.87,21.87,88922037.0,0.0,1.0
20.84,22.09,20.59,21.77,21.77,79326824.0,0.0,1.0
20.75,21.2,19.33,20.26,20.26,88544624.0,0.0,1.0
18.83,21.2399,18.55,20.86,20.86,127569000.0,0.0,1.0
17.93,18.825,17.44,18.82,18.82,93328949.0,0.0,1.0
17.64,18.77,16.783,18.75,18.75,168011668.0,0.0,1.0
13.48,15.35,13.01,14.93,14.93,139771557.0,0.0,1.0
15.09,15.74,13.821,14.1,14.1,115290320.0,0.0,1.0
18.11,18.13,16.07,16.07,16.07,93265235.0,0.0,1.0
19.0,19.1,17.22,17.77,17.77,105883566.0,0.0,1.0
18.56,20.55,18.51,20.17,20.17,84306714.0,0.0,1.0
18.23,18.75,17.58,17.98,17.98,74932445.0,0.0,1.0
18.85,20.03,18.04,18.12,18.12,79649607.0,0.0,1.0
20.09,20.29,18.55,18.63,18.63,68599391.0,0.0,1.0
21.73,21.81,19.7203,19.88,19.88,69419386.0,0.0,1.0
21.9,22.21,20.63,21.77,21.77,47212003.0,0.0,1.0
22.56,23.345,21.73,21.87,21.87,50401982.0,0.0,1.0
21.43,23.145,20.935,22.84,22.84,83996570.0,0.0,1.0
21.33,21.57,20.19,20.94,20.94,56994033.0,0.0,1.0
18.5,21.3093,18.47,21.22,21.22,77198444.0,0.0,1.0
22.02,22.5,20.45,20.46,20.46,49465066.0,0.0,1.0
22.36,22.96,21.32,21.77,21.77,55693095.0,0.0,1.0
24.78,24.7898,22.74,23.21,23.21,52112706.0,0.0,1.0
25.24,26.27,24.65,24.72,24.72,34541638.0,0.0,1.0
25.4,25.84,25.05,25.61,25.61,32627201.0,0.0,1.0
24.31,25.8401,24.2,25.79,25.79,47215175.0,0.0,1.0
23.76,24.54,23.34,23.79,23.79,41441607.0,0.0,1.0
24.99,25.68,23.7,24.1,24.1,47870128.0,0.0,1.0
25.05,26.405,25.02,25.35,25.35,54337707.0,0.0,1.0
25.4465,26.24,25.045,26.1,26.1,56547708.0,0.0,1.0
23.99,24.86,23.54,24.69,24.69,42607164.0,0.0,1.0
23.78,24.78,23.53,23.99,23.99,39661848.0,0.0,1.0
23.46,24.32,22.73,23.96,23.96,45771717.0,0.0,1.0
22.96,24.62,22.95,23.13,23.13,55361292.0,0.0,1.0
24.89,24.89,23.01,23.76,23.76,60475381.0,0.0,1.0
24.89,25.23,23.56,24.84,24.84,81994298.0,0.0,1.0
21.73,24.64,21.6,24.51,24.51,96028798.0,0.0,1.0
20.66,21.32,19.31,20.9,20.9,96701088.0,0.0,1.0
22.8,22.8092,20.96,21.11,21.11,78287903.0,0.0,1.0
24.6,24.78,22.53,22.66,22.66,72125662.0,0.0,1.0
24.16,25.01,23.38,23.79,23.79,53046976.0,0.0,1.0
25.73,25.98,23.1,24.87,24.87,94328983.0,0.0,1.0
28.98,28.9902,27.22,27.35,27.35,60210526.0,0.0,1.0
29.46,30.88,29.05,29.13,29.13,45217097.0,0.0,1.0
29.72,30.1471,28.605,28.63,28.63,33559319.0,0.0,1.0
30.0301,30.9099,29.595,29.61,29.61,33078229.0,0.0,1.0
30.28,31.32,30.08,30.95,30.95,34862552.0,0.0,1.0
31.68,31.85,30.48,30.48,30.48,35401253.0,0.0,1.0
31.2,31.86,30.34,31.68,31.68,54271691.0,0.0,1.0
28.85,30.4383,28.47,30.02,30.02,40791363.0,0.0,1.0
29.0,29.155,27.78,28.91,28.91,44833597.0,0.0,1.0
29.45,30.42,28.78,29.3,29.3,40781546.0,0.0,1.0
30.01,30.54,28.28,29.31,29.31,48723158.0,0.0,1.0
30.97,31.94,29.78,29.88,29.88,42442725.0,0.0,1.0
33.35,33.39,31.11,31.58,31.58,47866761.0,0.0,1.0
33.52,33.8,31.88,33.47,33.47,64409566.0,0.0,1.0
32.04,32.98,31.6627,31.68,31.68,67229713.0,0.0,1.0
27.89,33.04,27.8,32.42,32.42,137245844.0,0.0,1.0
29.555,29.62,27.52,28.25,28.25,51169727.0,0.0,1.0
29.88,30.19,29.47,29.63,29.63,28807151.0,0.0,1.0
30.39,31.3209,29.81,29.96,29.96,36081100.0,0.0,1.0
29.61,30.8,28.97,30.52,30.52,38379713.0,0.0,1.0
29.56,30.38,29.33,29.85,29.85,38368899.0,0.0,1.0
28.73,30.25,28.6658,30.16,30.16,73653171.0,0.0,1.0
29.45,29.46,27.79,28.16,28.16,56945607.0,0.0,1.0
29.53,30.51,28.02,30.0,30.0,54537345.0,0.0,1.0
31.05,31.64,29.75,30.07,30.07,42744138.0,0.0,1.0
31.5,31.84,29.06,30.79,30.79,80802072.0,0.0,1.0
32.23,32.38,31.2,32.3,32.3,45998516.0,0.0,1.0
33.68,34.6697,32.9,33.66,33.66,31857904.0,0.0,1.0
33.9,34.55,33.25,34.26,34.26,32196330.0,0.0,1.0
34.875,35.55,33.9,34.05,34.05,36271413.0,0.0,1.0
33.82,35.3,33.05,35.05,35.05,48881023.0,0.0,1.0
34.44,34.52,32.68,33.12,33.12,51769738.0,0.0,1.0
32.35,33.32,29.66,32.34,32.34,70041660.0,0.0,1.0
34.58,35.22,31.5,32.15,32.15,106366591.0,0.0,1.0
38.832,39.68,34.02,36.2,36.2,85263177.0,0.0,1.0
40.41,40.83,38.2,38.31,38.31,48129781.0,0.0,1.0
40.37,41.42,38.355,39.13,39.13,47970901.0,0.0,1.0
40.85,41.2,39.4935,40.46,40.46,35113870.0,0.0,1.0
39.4,40.3431,39.1,39.99,39.99,30468526.0,0.0,1.0
41.7,42.51,40.89,41.42,41.42,33467162.0,0.0,1.0
41.5,43.12,40.47,42.04,42.04,55094260.0,0.0,1.0
40.42,42.84,40.25,41.49,41.49,70987477.0,0.0,1.0
38.59,39.0999,38.0,38.66,38.66,30069135.0,0.0,1.0
39.0,39.44,37.45,38.41,38.41,42260165.0,0.0,1.0
40.57,40.92,39.07,39.67,39.67,35829920.0,0.0,1.0
40.89,41.3,40.02,40.67,40.67,37098978.0,0.0,1.0
42.6,42.69,40.02,40.57,40.57,47571747.0,0.0,1.0
42.69,43.55,41.91,42.67,42.67,34492479.0,0.0,1.0
40.89,42.22,40.3535,42.2,42.2,39933984.0,0.0,1.0
40.89,42.09,38.83,39.55,39.55,48507260.0,0.0,1.0
43.49,43.8,40.6,40.64,40.64,46779043.0,0.0,1.0
42.65,44.27,42.28,43.2,43.2,38487866.0,0.0,1.0
43.52,43.52,41.8204,42.29,42.29,33048651.0,0.0,1.0
42.76,44.0,42.5,43.12,43.12,53634404.0,0.0,1.0
41.98,42.4099,40.63,41.5,41.5,34202140.0,0.0,1.0
40.47,42.4934,40.2,41.3,41.3,46023476.0,0.0,1.0
38.11,40.84,38.11,40.84,40.84,52785374.0,0.0,1.0
40.25,40.55,39.21,39.41,39.41,33423087.0,0.0,1.0
39.53,40.8,39.19,40.79,40.79,32774177.0,0.0,1.0
40.9,41.28,39.255,39.31,39.31,28750948.0,0.0,1.0
41.29,42.61,40.47,40.47,40.47,55875366.0,0.0,1.0
39.4,41.42,39.24,41.27,41.27,46935630.0,0.0,1.0
39.96,40.39,38.54,38.88,38.88,28015498.0,0.0,1.0
39.51,40.605,39.37,39.97,39.97,25389088.0,0.0,1.0
39.97,40.34,39.16,39.78,39.78,25120668.0,0.0,1.0
40.27,40.8999,39.56,40.03,40.03,37820034.0,0.0,1.0
37.49,39.84,37.27,39.61,39.61,43499423.0,0.0,1.0
36.99,38.29,36.935,37.71,37.71,48168966.0,0.0,1.0
36.21,36.45,35.605,36.28,36.28,29898439.0,0.0,1.0
35.78,36.68,35.47,36.24,36.24,33439639.0,0.0,1.0
35.7,36.045,35.18,35.51,35.51,26591961.0,0.0,1.0
36.09,36.52,35.53,35.64,35.64,25400149.0,0.0,1.0
36.44,36.55,35.83,35.83,35.83,31959804.0,0.0,1.0
35.44,36.64,34.91,35.99,35.99,67945224.0,0.0,1.0
33.41,34.1598,33.17,33.66,33.66,22885077.0,0.0,1.0
33.3,34.31,33.27,33.87,33.87,26441261.0,0.0,1.0
35.02,35.02,33.275,33.4,33.4,40823090.0,0.0,1.0
36.63,36.6698,35.26,35.38,35.38,34919921.0,0.0,1.0
35.63,35.98,35.29,35.63,35.63,25768519.0,0.0,1.0
35.44,36.36,35.02,35.13,35.13,33553353.0,0.0,1.0
36.28,37.03,34.9301,35.05,35.05,37507903.0,0.0,1.0
35.43,36.86,34.425,36.77,36.77,36092964.0,0.0,1.0
35.59,36.07,35.2,35.38,35.38,23755076.0,0.0,1.0
36.2,36.5,35.57,36.01,36.01,27152710.0,0.0,1.0
35.21,35.825,35.12,35.7,35.7,26608046.0,0.0,1.0
35.52,35.8199,34.88,34.9,34.9,31706648.0,0.0,1.0
36.11,36.315,34.54,35.17,35.17,57611743.0,0.0,1.0
37.3,37.57,36.97,37.51,37.51,29615381.0,0.0,1.0
37.54,37.67,36.74,37.09,37.09,33023127.0,0.0,1.0
38.0,38.15,36.95,38.03,38.03,27049398.0,0.0,1.0
38.49,39.4,37.69,37.89,37.89,30857168.0,0.0,1.0
38.01,38.39,36.5629,38.39,38.39,38410021.0,0.0,1.0
38.62,39.52,37.895,37.98,37.98,29273633.0,0.0,1.0
37.98,38.85,37.55,38.45,38.45,33812018.0,0.0,1.0
39.17,39.426,37.81,38.14,38.14,51800000.0,0.0,1.0
40.85,41.86,40.59,40.59,40.59,35292646.0,0.0,1.0
40.11,40.965,39.831,40.37,40.37,30385247.0,0.0,1.0
39.065,41.02,38.9,40.35,40.35,43900697.0,0.0,1.0
37.49,39.93,37.2,39.08,39.08,56911487.0,0.0,1.0
38.24,39.39,37.9,39.31,39.31,44942246.0,0.0,1.0
38.17,38.28,36.64,37.8,37.8,38127959.0,0.0,1.0
38.23,38.47,37.83,38.05,38.05,23496731.0,0.0,1.0
38.63,39.7375,37.815,38.26,38.26,34432032.0,0.0,1.0
38.66,39.14,38.182,38.95,38.95,25641280.0,0.0,1.0
39.24,39.61,38.63,38.94,38.94,37927497.0,0.0,1.0
37.44,38.38,37.04,38.17,38.17,39610090.0,0.0,1.0
36.63,37.9,36.6,36.92,36.92,43491283.0,0.0,1.0
37.89,38.15,36.24,36.29,36.29,56718044.0,0.0,1.0
38.49,39.63,37.945,38.86,38.86,48277641.0,0.0,1.0
37.46,39.02,36.83,38.1,38.1,60838017.0,0.0,1.0
39.46,39.6,38.07,38.62,38.62,66592017.0,0.0,1.0
41.9,42.28,40.61,41.03,41.03,38910625.0,0.0,1.0
44.35,44.4,41.55,42.47,42.47,50759392.0,0.0,1.0
44.71,45.12,43.15,43.97,43.97,33805186.0,0.0,1.0
45.47,46.38,44.1,44.22,44.22,29572820.0,0.0,1.0
43.7,45.48,43.7,45.21,45.21,30548702.0,0.0,1.0
45.55,45.8,43.45,43.84,43.84,38016391.0,0.0,1.0
44.75,46.3,44.015,45.6,45.6,33362579.0,0.0,1.0
45.47,45.8,44.56,45.09,45.09,35453584.0,0.0,1.0
45.23,45.8,43.76,44.57,44.57,46029328.0,0.0,1.0
44.65,46.78,44.3,45.85,45.85,68453252.0,0.0,1.0
42.23,45.2,41.53,44.68,44.68,66262677.0,0.0,1.0
42.25,43.3,41.64,42.62,42.62,46396939.0,0.0,1.0
40.91,42.0,39.79,41.84,41.84,59207215.0,0.0,1.0
42.44,43.3,38.66,39.36,39.36,102713986.0,0.0,1.0
42.67,44.88,41.93,43.17,43.17,54759204.0,0.0,1.0
43.67,44.5,42.495,43.99,43.99,49559126.0,0.0,1.0
46.96,47.38,45.47,46.07,46.07,38936387.0,0.0,1.0
44.1,47.38,44.0,46.77,46.77,59851679.0,0.0,1.0
43.5997,44.41,42.4301,44.17,44.17,37932291.0,0.0,1.0
41.49,43.67,40.48,43.35,43.35,65290097.0,0.0,1.0
43.85,44.395,42.4,42.8,42.8,49929474.0,0.0,1.0
43.26,44.77,42.68,43.68,43.68,55860363.0,0.0,1.0
44.84,45.169,42.68,43.05,43.05,56805753.0,0.0,1.0
46.2,46.91,44.93,44.96,44.96,44689113.0,0.0,1.0
45.97,46.8198,44.6,46.34,46.34,54668293.0,0.0,1.0
46.71,47.01,44.58,45.53,45.53,64622753.0,0.0,1.0
43.86,46.26,42.73,45.6,45.6,93774764.0,0.0,1.0
50.2,50.55,45.75,46.04,46.04,85812809.0,0.0,1.0
49.4,51.7399,49.18,50.29,50.29,67705501.0,0.0,1.0
51.26,51.4746,48.5291,50.4,50.4,78731636.0,0.0,1.0
54.77,55.13,50.27,50.9,50.9,124531435.0,0.0,1.0
50.58,53.8399,50.55,53.2,53.2,92031135.0,0.0,1.0
49.15,50.61,48.55,50.34,50.34,64800079.0,0.0,1.0
45.72,49.65,45.5501,49.4,49.4,90202839.0,0.0,1.0
45.78,45.94,44.88,45.07,45.07,32605434.0,0.0,1.0
45.91,46.59,45.24,45.46,45.46,37680663.0,0.0,1.0
44.97,45.98,44.61,45.41,45.41,39493502.0,0.0,1.0
45.86,46.5474,43.81,44.1,44.1,61387323.0,0.0,1.0
46.55,46.99,45.07,46.51,46.51,44475666.0,0.0,1.0
47.68,48.365,46.59,46.91,46.91,90778425.0,0.0,1.0
45.05,47.755,44.86,47.36,47.36,64895522.0,0.0,1.0
44.23,45.125,43.77,45.02,45.02,47211599.0,0.0,1.0
46.21,46.38,45.04,45.15,45.15,44755616.0,0.0,1.0
45.95,47.25,45.58,46.55,46.55,65288403.0,0.0,1.0
42.93,46.26,42.76,45.68,45.68,85733888.0,0.0,1.0
42.67,43.43,42.16,42.76,42.76,34757316.0,0.0,1.0
43.53,44.44,42.73,42.74,42.74,36363974.0,0.0,1.0
44.46,44.89,42.82,43.56,43.56,50332250.0,0.0,1.0
41.67,43.9,41.44,43.68,43.68,53261315.0,0.0,1.0
41.43,42.325,41.15,41.94,41.94,40993649.0,0.0,1.0
40.68,42.37,40.31,40.9,40.9,62437181.0,0.0,1.0
42.15,42.88,40.95,41.16,41.16,66383529.0,0.0,1.0
39.99,42.44,39.94,42.34,42.34,101544050.0,0.0,1.0
38.745,39.76,38.1737,38.62,38.62,58235958.0,0.0,1.0
37.95,38.98,37.182,38.91,38.91,53064377.0,0.0,1.0
36.25,38.08,36.0734,37.76,37.76,55928956.0,0.0,1.0
36.32,37.64,35.69,36.07,36.07,76628027.0,0.0,1.0
34.26,36.49,33.56,35.89,35.89,67244425.0,0.0,1.0
34.66,34.78,33.87,34.06,34.06,49568794.0,0.0,1.0
33.98,34.51,33.64,34.33,34.33,48991744.0,0.0,1.0
32.98,33.46,32.5914,33.46,33.46,68799779.0,0.0,1.0
34.01,34.78,33.2604,34.19,34.19,64929533.0,0.0,1.0
33.33,34.16,32.82,33.81,33.81,64020013.0,0.0,1.0
31.94,33.6894,31.5609,33.42,33.42,80214305.0,0.0,1.0
33.85,34.27,30.71,31.22,31.22,113686701.0,0.0,1.0
34.38,35.125,33.48,33.68,33.68,75993697.0,0.0,1.0
32.45,35.46,32.2,34.87,34.87,113418875.0,0.0,1.0
36.78,36.79,34.3,34.33,34.33,92293915.0,0.0,1.0
37.17,38.04,36.62,36.94,36.94,55551679.0,0.0,1.0
37.49,38.04,35.77,36.68,36.68,71655969.0,0.0,1.0
38.34,38.55,37.46,37.71,37.71,24239079.0,0.0,1.0
38.99,39.32,36.92,37.93,37.93,78256842.0,0.0,1.0
40.34,41.45,39.31,39.54,39.54,80089609.0,0.0,1.0
37.73,41.22,37.35,39.84,39.84,116728743.0,0.0,1.0
41.38,41.49,38.73,38.99,38.99,82660721.0,0.0,1.0
40.74,41.95,40.44,41.19,41.19,57639580.0,0.0,1.0
43.02,43.13,41.02,41.21,41.21,69998797.0,0.0,1.0
41.96,43.22,40.86,42.62,42.62,88233498.0,0.0,1.0
40.2,41.2,39.54,41.08,41.08,70578024.0,0.0,1.0
38.99,40.45,38.49,39.57,39.57,115802700.0,0.0,1.0
36.53,38.96,36.16,38.9,38.9,77449226.0,0.0,1.0
37.17,37.8195,35.94,36.93,36.93,71208639.0,0.0,1.0
36.78,37.54,35.36,36.78,36.78,92190701.0,0.0,1.0
34.69,36.54,34.06,36.09,36.09,84477372.0,0.0,1.0
37.02,37.059,34.56,35.66,35.66,100437437.0,0.0,1.0
39.23,39.33,36.79,37.02,37.02,78453961.0,0.0,1.0
37.48,38.66,37.33,38.48,38.48,62005707.0,0.0,1.0
37.96,38.0,36.76,37.14,37.14,53428087.0,0.0,1.0
38.355,38.36,37.01,38.12,38.12,69272695.0,0.0,1.0
37.62,39.1809,37.47,38.7,38.7,63691974.0,0.0,1.0
39.7,39.85,36.95,37.27,37.27,80022787.0,0.0,1.0
38.83,40.39,38.42,40.0,40.0,67969401.0,0.0,1.0
40.54,40.65,38.72,39.31,39.31,71418397.0,0.0,1.0
41.56,42.06,39.25,39.66,39.66,116305475.0,0.0,1.0
38.96,39.25,37.45,38.98,38.98,98298413.0,0.0,1.0
35.2,37.96,34.61,37.55,37.55,106153482.0,0.0,1.0
35.26,36.84,34.5,35.51,35.51,83188208.0,0.0,1.0
35.65,36.65,34.0,36.13,36.13,163039674.0,0.0,1.0
35.24,39.19,35.12,37.94,37.94,118082037.0,0.0,1.0
41.2,41.29,36.58,36.96,36.96,130695023.0,0.0,1.0
42.58,43.11,40.98,41.18,41.18,58542301.0,0.0,1.0
44.07,44.56,42.58,42.94,42.94,72838501.0,0.0,1.0
41.44,43.4,40.44,43.35,43.35,97657203.0,0.0,1.0
43.3,44.26,41.45,41.63,41.63,71356100.0,0.0,1.0
41.9,45.0237,41.33,44.76,44.76,96149982.0,0.0,1.0
45.04,45.66,43.17,43.68,43.68,84361397.0,0.0,1.0
45.55,46.29,44.38,44.93,44.93,74435728.0,0.0,1.0
43.51,45.8,42.76,45.5,45.5,113460142.0,0.0,1.0
44.4365,46.1615,42.8,46.03,46.03,134788014.0,0.0,1.0
43.5,45.26,40.25,41.32,41.32,190801837.0,0.0,1.0
37.48,42.08,36.52,41.35,41.35,176602616.0,0.0,1.0
36.97,39.48,34.9,35.21,35.21,143074823.0,0.0,1.0
39.24,39.87,31.91,38.11,38.11,270803185.0,0.0,1.0
40.49,42.43,37.59,39.28,39.28,205872717.0,0.0,1.0
44.58,45.08,41.1101,41.53,41.53,107863416.0,0.0,1.0
46.11,47.13,42.66,43.29,43.29,161334043.0,0.0,1.0
48.55,50.42,47.63,49.76,49.76,94238457.0,0.0,1.0
47.0,47.95,44.62,45.78,45.78,97977486.0,0.0,1.0
51.6,51.85,46.01,46.81,46.81,93485093.0,0.0,1.0
49.31,52.07,47.7501,51.86,51.86,82488559.0,0.0,1.0
45.62,49.67,41.66,49.11,49.11,142544334.0,0.0,1.0
54.18,54.37,50.4,50.68,50.68,67587866.0,0.0,1.0
55.72,56.04,54.1,55.04,55.04,43020690.0,0.0,1.0
55.45,56.38,52.6,54.43,54.43,62505700.0,0.0,1.0
57.92,58.03,55.9,57.32,57.32,63784554.0,0.0,1.0
60.4,62.14,58.65,59.23,59.23,55084124.0,0.0,1.0
60.26,61.05,59.1,59.85,59.85,40233076.0,0.0,1.0
61.69,63.06,59.81,60.27,60.27,55732763.0,0.0,1.0
62.55,64.6,60.33,61.26,61.26,89812853.0,0.0,1.0
58.95,63.1,58.24,62.84,62.84,96407230.0,0.0,1.0
57.08,59.52,56.18,59.07,59.07,64264889.0,0.0,1.0
57.74,57.98,56.01,56.67,56.67,43057521.0,0.0,1.0
58.79,59.1994,57.11,57.6,57.6,48667912.0,0.0,1.0
55.96,58.72,54.84,57.98,57.98,80122323.0,0.0,1.0
57.06,57.54,54.51,55.77,55.77,65568667.0,0.0,1.0
59.07,59.12,54.37,56.99,56.99,79878684.0,0.0,1.0
59.03,60.71,56.44,57.0,57.0,78678189.0,0.0,1.0
56.76,59.46,55.15,58.37,58.37,73955136.0,0.0,1.0
57.95,59.79,56.6,57.15,57.15,73078254.0,0.0,1.0
60.04,60.67,58.64,60.31,60.31,70393251.0,0.0,1.0
64.05,64.52,58.35,59.99,59.99,111986446.0,0.0,1.0
58.95,62.17,58.32,61.95,61.95,133918072.0,0.0,1.0
57.02,58.58,55.88,58.34,58.34,73119519.0,0.0,1.0
59.85,60.09,56.19,57.71,57.71,94983634.0,0.0,1.0
58.21,59.005,56.41,58.44,58.44,99561083.0,0.0,1.0
59.84,60.22,55.67,56.27,56.27,132247850.0,0.0,1.0
62.63,63.23,60.04,60.87,60.87,99338396.0,0.0,1.0
62.94,64.4069,61.41,62.15,62.15,116059201.0,0.0,1.0
61.42,64.13,60.42,62.04,62.04,182471404.0,0.0,1.0
64.95,66.99,62.19,62.7,62.7,279770329.0,0.0,1.0
57.76,59.31,55.88,58.92,58.92,218512753.0,0.0,1.0
53.05,54.61,52.35,54.28,54.28,119429215.0,0.0,1.0
54.02,55.2764,49.08,50.5,50.5,176397696.0,0.0,1.0
51.97,53.75,50.4,53.2,53.2,147474785.0,0.0,1.0
51.2,54.4469,50.6701,53.49,53.49,213109730.0,0.0,1.0
48.46,50.5,47.77,48.74,48.74,129344311.0,0.0,1.0
46.5,48.38,45.72,48.38,48.38,116691714.0,0.0,1.0
43.7,46.275,42.2262,46.14,46.14,120689925.0,0.0,1.0
46.67,46.85,43.67,44.06,44.06,103774840.0,0.0,1.0
46.88,47.1299,45.35,45.77,45.77,60582516.0,0.0,1.0
47.48,48.36,45.81,47.01,47.01,81247871.0,0.0,1.0
49.61,49.84,46.53,47.58,47.58,117428420.0,0.0,1.0
45.63,49.49,45.02,48.95,48.95,132558077.0,0.0,1.0
45.89,48.0,45.52,46.72,46.72,126251125.0,0.0,1.0
45.17,46.05,43.895,46.0,46.0,130003721.0,0.0,1.0
44.25,45.26,43.33,44.67,44.67,120109589.0,0.0,1.0
42.47,43.84,41.27,43.5,43.5,132336854.0,0.0,1.0
39.94,41.48,39.51,40.98,40.98,171598161.0,0.0,1.0
42.48,43.63,41.26,41.98,41.98,147076119.0,0.0,1.0
42.44,45.67,41.89,45.22,45.22,107376836.0,0.0,1.0
47.08,47.2,42.96,44.01,44.01,121387875.0,0.0,1.0
47.21,48.3,45.67,46.56,46.56,115799572.0,0.0,1.0
42.5,46.32,42.41,45.11,45.11,165048508.0,0.0,1.0
44.66,45.16,41.65,43.04,43.04,191969939.0,0.0,1.0
47.9,48.65,45.21,45.35,45.35,173424045.0,0.0,1.0
40.16,48.0,38.43,47.98,47.98,313028276.0,0.0,1.0
52.02,52.1,44.05,45.36,45.36,243690229.0,0.0,1.0
54.21,54.39,48.18,50.53,50.53,179765439.0,0.0,1.0
54.86,55.55,52.6,54.0,54.0,105795118.0,0.0,1.0
49.98,53.99,49.25,53.69,53.69,204508537.0,0.0,1.0
56.99,57.2,51.5,53.51,53.51,241851916.0,0.0,1.0
50.86,55.7,50.48,55.38,55.38,270203004.0,0.0,1.0
48.27,50.59,47.88,49.25,49.25,209106333.0,0.0,1.0
45.36,48.92,44.68,48.45,48.45,233779148.0,0.0,1.0
45.75,46.7213,42.5,45.06,45.06,271678314.0,0.0,1.0
47.57,49.37,44.96,46.59,46.59,345578529.0,0.0,1.0
41.115,45.85,41.1,45.58,45.58,306209088.0,0.0,1.0
51.29,54.2,40.55,44.56,44.56,579069870.0,0.0,1.0
44.475,49.35,43.95,48.3,48.3,348326322.0,0.0,1.0
39.71,43.23,38.64,43.08,43.08,179581150.0,0.0,1.0
44.5,45.2,38.11,41.55,41.55,237403589.0,0.0,1.0
41.65,45.29,40.38,44.02,44.02,218733282.0,0.0,1.0
41.09,43.3,40.05,41.63,41.63,288784336.0,0.0,1.0
38.78,42.49,38.25,42.35,42.35,302472617.0,0.0,1.0
37.44,39.75,35.82,37.71,37.71,339385872.0,0.0,1.0
33.57,35.87,32.78,35.5,35.5,217608105.0,0.0,1.0
33.95,34.94,31.68,33.32,33.32,265719877.0,0.0,1.0
31.39,31.59,30.03,30.58,30.58,136902610.0,0.0,1.0
28.52,32.2,28.32,31.99,31.99,214034656.0,0.0,1.0
27.92,28.1,26.51,27.51,27.51,89374938.0,0.0,1.0
26.21,28.46,26.03,28.44,28.44,104257726.0,0.0,1.0
26.61,27.35,25.46,26.01,26.01,72610347.0,0.0,1.0
27.37,27.42,26.48,27.16,27.16,51784048.0,0.0,1.0
28.15,28.28,26.81,27.38,27.38,72173307.0,0.0,1.0
27.9,28.43,27.385,27.86,27.86,65357930.0,0.0,1.0
27.42,28.3,27.05,27.96,27.96,105233416.0,0.0,1.0
28.21,28.56,27.22,27.63,27.63,115708710.0,0.0,1.0
29.18,29.4,27.94,28.48,28.48,186764680.0,0.0,1.0
27.2,29.23,25.78,28.07,28.07,385210596.0,0.0,1.0
23.98,26.96,23.73,26.5,26.5,387903255.0,0.0,1.0
21.86,21.97,21.17,21.62,21.62,42581464.0,0.0,1.0
21.88,22.18,21.55,21.85,21.85,45476830.0,0.0,1.0
21.62,21.74,21.32,21.47,21.47,37328968.0,0.0,1.0
22.05,22.45,21.29,21.44,21.44,77719581.0,0.0,1.0
21.06,21.77,20.79,21.56,21.56,59354282.0,0.0,1.0
21.71,21.94,20.6,20.67,20.67,73217119.0,0.0,1.0
21.66,21.92,21.07,21.59,21.59,60860112.0,0.0,1.0
20.83,22.2,20.8,21.18,21.18,92713560.0,0.0,1.0
21.68,21.96,20.83,21.76,21.76,79117101.0,0.0,1.0
21.72,22.59,20.76,21.22,21.22,183530455.0,0.0,1.0
18.76,21.12,18.71,20.85,20.85,164378538.0,0.0,1.0
18.88,19.16,18.43,18.81,18.81,42786232.0,0.0,1.0
18.02,18.62,17.95,18.32,18.32,44122149.0,0.0,1.0
17.32,18.39,16.75,17.85,17.85,71069510.0,0.0,1.0
19.22,19.36,17.8,17.96,17.96,70568089.0,0.0,1.0
18.48,19.45,18.37,19.23,19.23,61061116.0,0.0,1.0
19.05,19.265,17.66,18.81,18.81,75969546.0,0.0,1.0
19.72,19.88,18.94,19.41,19.41,54885511.0,0.0,1.0
18.26,19.33,18.08,19.3,19.3,55186587.0,0.0,1.0
19.27,19.54,18.52,19.01,19.01,57845793.0,0.0,1.0
19.1,20.25,18.88,19.19,19.19,111630535.0,0.0,1.0
18.18,18.78,17.9,18.73,18.73,68234902.0,0.0,1.0
18.0,18.1,17.45,17.97,17.97,55373486.0,0.0,1.0
18.49,18.72,17.49,17.74,17.74,79679834.0,0.0,1.0
17.9,18.63,17.7,18.09,18.09,90988423.0,0.0,1.0
17.17,17.86,16.51,17.03,17.03,89624571.0,0.0,1.0
18.54,19.18,15.61,17.98,17.98,163329780.0,0.0,1.0
19.09,19.84,18.3526,18.7,18.7,128358422.0,0.0,1.0
20.92,21.05,18.5,19.9,19.9,153460601.0,0.0,1.0
19.45,20.38,18.75,20.12,20.12,137644836.0,0.0,1.0
17.19,19.83,16.82,19.03,19.03,226610901.0,0.0,1.0
18.87,19.44,18.11,18.5,18.5,155242283.0,0.0,1.0
19.99,20.47,18.76,19.88,19.88,199850277.0,0.0,1.0
19.01,20.97,18.56,20.44,20.44,364104643.0,0.0,1.0
15.08,17.87,15.06,17.84,17.84,299047816.0,0.0,1.0
14.63,14.98,14.31,14.97,14.97,98697703.0,0.0,1.0
13.64,14.58,13.62,14.12,14.12,70189908.0,0.0,1.0
13.85,14.05,13.53,13.78,13.78,50072785.0,0.0,1.0
14.29,14.41,13.85,14.06,14.06,41966837.0,0.0,1.0
14.23,14.69,13.871,14.3,14.3,69962360.0,0.0,1.0
13.07,14.05,13.06,14.05,14.05,77497916.0,0.0,1.0
13.18,13.18,12.54,13.1,13.1,63250748.0,0.0,1.0
13.45,13.64,13.17,13.36,13.36,50093545.0,0.0,1.0
13.37,13.45,12.67,13.36,13.36,77471427.0,0.0,1.0
15.3,15.45,12.94,12.99,12.99,181311514.0,0.0,1.0
13.94,14.42,13.68,14.21,14.21,84267291.0,0.0,1.0
13.54,13.73,13.2,13.42,13.42,57745964.0,0.0,1.0
14.1,14.31,13.52,13.84,13.84,49787709.0,0.0,1.0
13.41,14.075,13.3739,13.92,13.92,60375033.0,0.0,1.0
14.46,14.53,13.22,13.64,13.64,125731370.0,0.0,1.0
12.53,13.67,12.46,13.6,13.6,122925296.0,0.0,1.0
12.41,12.59,11.73,11.94,11.94,61813807.0,0.0,1.0
12.62,12.95,12.07,12.2,12.2,64952913.0,0.0,1.0
12.65,13.0,12.431,12.7,12.7,69552555.0,0.0,1.0
11.48,12.64,11.38,12.27,12.27,90075812.0,0.0,1.0
12.03,12.09,11.27,11.69,11.69,64068520.0,0.0,1.0
11.38,11.9,10.91,11.82,11.82,93425298.0,0.0,1.0
12.59,12.63,11.85,12.15,12.15,95206301.0,0.0,1.0
12.38,12.83,11.81,12.38,12.38,112260489.0,0.0,1.0
13.45,13.58,12.62,12.88,12.88,128042801.0,0.0,1.0
11.42,12.84,11.38,12.82,12.82,154596601.0,0.0,1.0
11.86,12.07,10.46,11.09,11.09,289514200.0,0.0,1.0
12.46,13.16,12.45,12.94,12.94,134084800.0,0.0,1.0
13.82,13.95,12.85,13.52,13.52,114166800.0,0.0,1.0
13.25,14.13,12.42,14.09,14.09,195253600.0,0.0,1.0
15.26,16.44,13.61,13.84,13.84,310058200.0,0.0,1.0
15.61,15.73,14.2,14.98,14.98,317735400.0,0.0,1.0
13.5,14.63,13.07,14.57,14.57,314527300.0,0.0,1.0
14.1,15.28,12.0,12.88,12.88,568960800.0,0.0,1.0
11.26,13.77,10.7,13.22,13.22,442681000.0,0.0,1.0
11.05,12.3,10.93,11.51,11.51,325679000.0,0.0,1.0
9.05,9.4,8.7,9.38,9.38,219628700.0,0.0,1.0
7.79,7.99,7.67,7.91,7.91,64427000.0,0.0,1.0
7.21,7.75,7.12,7.72,7.72,84229500.0,0.0,1.0
6.98,7.25,6.71,7.23,7.23,45876100.0,0.0,1.0
7.03,7.18,6.8,6.9,6.9,33453587.0,0.0,1.0
6.66,7.145,6.6,7.08,7.08,46442109.0,0.0,1.0
6.93,7.08,6.5,6.86,6.86,103575859.0,0.0,1.0
7.55,7.685,7.19,7.23,7.23,79627842.0,0.0,1.0
7.86,7.9,7.38,7.43,7.43,112647898.0,0.0,1.0
7.36,7.63,7.23,7.34,7.34,84037079.0,0.0,1.0
6.8,7.36,6.78,7.18,7.18,78503216.0,0.0,1.0
6.93,6.98,6.58,6.84,6.84,58838533.0,0.0,1.0
7.43,7.44,6.53,6.99,6.99,130245602.0,0.0,1.0
5.97,6.99,5.92,6.83,6.83,113172449.0,0.0,1.0
6.2,6.32,5.92,6.1,6.1,59687107.0,0.0,1.0
5.79,6.09,5.66,5.91,5.91,126114178.0,0.0,1.0
6.72,6.95,6.16,6.3,6.3,99921419.0,0.0,1.0
5.84,6.83,5.76,6.68,6.68,135060628.0,0.0,1.0
5.81,6.08,5.68,5.97,5.97,85523884.0,0.0,1.0
6.03,6.075,5.52,5.59,5.59,90517235.0,0.0,1.0
6.01,6.2,5.61,5.97,5.97,172617852.0,0.0,1.0
5.0,5.7,4.98,5.6,5.6,198303797.0,0.0,1.0
4.36,4.73,4.35,4.7,4.7,81717678.0,0.0,1.0
4.0,4.33,3.96,4.26,4.26,68951059.0,0.0,1.0
3.82,4.0,3.73,3.98,3.98,50301733.0,0.0,1.0
3.98,4.12,3.75,3.83,3.83,62756668.0,0.0,1.0
4.01,4.2,3.9,4.17,4.17,70224324.0,0.0,1.0
3.42,3.83,3.4,3.82,3.82,59622624.0,0.0,1.0
3.33,3.34,3.18,3.27,3.27,22798211.0,0.0,1.0
3.4,3.44,3.2325,3.33,3.33,41491886.0,0.0,1.0
3.76,3.82,3.4,3.48,3.48,51576759.0,0.0,1.0
3.62,3.75,3.59,3.69,3.69,21654002.0,0.0,1.0
3.5,3.69,3.5,3.61,3.61,27771320.0,0.0,1.0
3.37,3.45,3.36,3.37,3.37,13618530.0,0.0,1.0
3.33,3.52,3.27,3.45,3.45,20891466.0,0.0,1.0
3.64,3.68,3.32,3.44,3.44,33945576.0,0.0,1.0
3.74,3.78,3.61,3.62,3.62,21720746.0,0.0,1.0
3.72,3.77,3.66,3.74,3.74,16542095.0,0.0,1.0
3.68,3.8,3.6,3.77,3.77,27705410.0,0.0,1.0
3.63,3.67,3.52,3.63,3.63,26666125.0,0.0,1.0
3.59,3.65,3.45,3.62,3.62,54209579.0,0.0,1.0
3.44,3.48,3.28,3.28,3.28,22283744.0,0.0,1.0
3.08,3.36,3.08,3.34,3.34,23323294.0,0.0,1.0
3.3,3.33,3.12,3.18,3.18,31175024.0,0.0,1.0
3.63,3.72,3.37,3.41,3.41,44389437.0,0.0,1.0
3.83,3.98,3.59,3.61,3.61,88971412.0,0.0,1.0
3.4,3.445,3.2,3.34,3.34,36164871.0,0.0,1.0
3.0,3.26,2.95,3.24,3.24,35576753.0,0.0,1.0
3.08,3.1,2.91,2.94,2.94,22069667.0,0.0,1.0
3.2,3.2,3.05,3.06,3.06,17372610.0,0.0,1.0
3.09,3.15,3.05,3.09,3.09,14493983.0,0.0,1.0
3.1,3.22,3.01,3.02,3.02,19758338.0,0.0,1.0
3.18,3.35,3.05,3.19,3.19,18635947.0,0.0,1.0
3.36,3.36,3.15,3.21,3.21,22827576.0,0.0,1.0
3.3,3.41,3.2,3.25,3.25,37409994.0,0.0,1.0
2.95,3.2,2.88,3.2,3.2,27425283.0,0.0,1.0
3.15,3.16,2.92,3.01,3.01,36367067.0,0.0,1.0
2.67,2.97,2.63,2.97,2.97,38232188.0,0.0,1.0
2.82,2.82,2.63,2.67,2.67,32671119.0,0.0,1.0
2.76,2.8,2.71,2.74,2.74,18225435.0,0.0,1.0
2.81,2.81,2.65,2.7,2.7,46032394.0,0.0,1.0
2.48,2.55,2.4,2.47,2.47,34819869.0,0.0,1.0
2.45,2.4896,2.33,2.4,2.4,19404652.0,0.0,1.0
2.51,2.59,2.22,2.39,2.39,58748936.0,0.0,1.0
2.63,2.76,2.6,2.65,2.65,17058829.0,0.0,1.0
2.83,2.88,2.68,2.78,2.78,30216094.0,0.0,1.0
2.81,2.83,2.7,2.71,2.71,20065723.0,0.0,1.0
2.85,2.89,2.76,2.84,2.84,25045452.0,0.0,1.0
2.81,3.07,2.78,2.93,2.93,43577079.0,0.0,1.0
2.72,2.99,2.6,2.76,2.76,56486349.0,0.0,1.0
2.55,2.75,2.4,2.6,2.6,64569680.0,0.0,1.0
2.34,2.37,2.15,2.37,2.37,47296888.0,0.0,1.0
2.49,2.64,2.35,2.4,2.4,50454804.0,0.0,1.0
2.3,2.55,2.23,2.38,2.38,35441298.0,0.0,1.0
2.4,2.58,2.11,2.43,2.43,94183702.0,0.0,1.0
2.97,3.12,2.79,2.9,2.9,34718996.0,0.0,1.0
2.87,3.11,2.75,2.94,2.94,41179891.0,0.0,1.0
3.28,3.33,2.99,3.11,3.11,41674686.0,0.0,1.0
3.06,3.23,2.98,3.13,3.13,52216838.0,0.0,1.0
3.4,3.53,3.26,3.32,3.32,31094208.0,0.0,1.0
3.49,3.54,3.29,3.5,3.5,34795271.0,0.0,1.0
3.01,3.54,2.99,3.29,3.29,55002061.0,0.0,1.0
3.62,3.66,3.42,3.55,3.55,61159830.0,0.0,1.0
3.78,3.89,3.68,3.72,3.72,72596718.0,0.0,1.0
4.03,4.07,3.77,3.87,3.87,49320453.0,0.0,1.0
4.08,4.21,3.95,4.06,4.06,47501140.0,0.0,1.0
4.15,4.19,3.9,4.11,4.11,55891795.0,0.0,1.0
3.96,4.14,3.87,4.13,4.13,63621682.0,0.0,1.0
4.09,4.3,3.92,4.14,4.14,77412788.0,0.0,1.0
4.5,4.71,4.3,4.34,4.34,69556928.0,0.0,1.0
5.18,5.19,4.24,4.4,4.4,205890156.0,0.0,1.0
3.79,3.935,3.76,3.88,3.88,56025203.0,0.0,1.0
4.2,4.2,4.02,4.08,4.08,40425711.0,0.0,1.0
4.1,4.4,4.01,4.26,4.26,86788998.0,0.0,1.0
3.93,4.1,3.86,4.08,4.08,72970041.0,0.0,1.0
3.9,3.98,3.76,3.8,3.8,47696828.0,0.0,1.0
4.02,4.035,3.75,3.77,3.77,69481541.0,0.0,1.0
3.95,4.05,3.86,4.03,4.03,42234992.0,0.0,1.0
4.0,4.2,3.98,4.07,4.07,50757706.0,0.0,1.0
3.83,4.05,3.8,3.96,3.96,54033261.0,0.0,1.0
3.67,3.91,3.6187,3.87,3.87,67035329.0,0.0,1.0
4.02,4.02,3.74,3.81,3.81,80603454.0,0.0,1.0
4.2,4.33,4.05,4.08,4.08,75460136.0,0.0,1.0
4.37,4.48,4.13,4.39,4.39,73554169.0,0.0,1.0
4.2899,4.7,4.16,4.51,4.51,123430967.0,0.0,1.0
3.535,4.11,3.52,4.06,4.06,73844757.0,0.0,1.0
4.02,4.04,3.67,3.78,3.78,77698912.0,0.0,1.0
4.24,4.38,4.01,4.08,4.08,74852748.0,0.0,1.0
4.23,4.33,4.02,4.27,4.27,53344806.0,0.0,1.0
4.25,4.27,4.03,4.21,4.21,48746205.0,0.0,1.0
3.985,4.35,3.84,4.01,4.01,101438582.0,0.0,1.0
5.0,5.06,4.51,4.66,4.66,65433492.0,0.0,1.0
4.57,4.95,4.31,4.92,4.92,102385147.0,0.0,1.0
5.42,5.65,4.69,4.79,4.79,206949568.0,0.0,1.0
4.6,5.29,4.52,5.17,5.17,181125581.0,0.0,1.0
4.51,4.705,4.46,4.67,4.67,109385407.0,0.0,1.0
3.99,4.4,3.91,4.37,4.37,99176742.0,0.0,1.0
4.19,4.48,4.0,4.29,4.29,234552104.0,0.0,1.0
3.7,3.82,3.61,3.76,3.76,55193434.0,0.0,1.0
3.705,3.73,3.52,3.7,3.7,59739857.0,0.0,1.0
3.49,3.575,3.4,3.51,3.51,35626740.0,0.0,1.0
3.44,3.58,3.33,3.46,3.46,54632591.0,0.0,1.0
3.14,3.49,3.13,3.39,3.39,65119460.0,0.0,1.0
3.7,3.73,3.21,3.24,3.24,106557643.0,0.0,1.0
4.19,4.24,3.66,3.68,3.68,106602995.0,0.0,1.0
3.5,3.9,3.48,3.83,3.83,82884373.0,0.0,1.0
4.1,4.1,3.61,3.72,3.72,103718958.0,0.0,1.0
4.15,4.42,3.82,4.02,4.02,214992455.0,0.0,1.0
2.92,4.87,2.88,3.72,3.72,432806553.0,0.0,1.0
2.54,2.55,2.41,2.42,2.42,37548648.0,0.0,1.0
2.4511,2.52,2.35,2.51,2.51,44171686.0,0.0,1.0
2.63,2.63,2.45,2.53,2.53,32029806.0,0.0,1.0
2.7399,2.76,2.65,2.67,2.67,28561596.0,0.0,1.0
2.65,2.72,2.63,2.69,2.69,50968070.0,0.0,1.0
2.69,2.73,2.61,2.62,2.62,36293311.0,0.0,1.0
2.58,2.67,2.54,2.63,2.63,31805992.0,0.0,1.0
2.54,2.63,2.5,2.59,2.59,45643355.0,0.0,1.0
2.44,2.55,2.39,2.48,2.48,36909770.0,0.0,1.0
2.31,2.43,2.2885,2.39,2.39,37228903.0,0.0,1.0
2.3,2.33,2.26,2.27,2.27,22404956.0,0.0,1.0
2.26,2.32,2.23,2.26,2.26,20237112.0,0.0,1.0
2.2,2.28,2.14,2.27,2.27,25204586.0,0.0,1.0
2.21,2.25,2.11,2.22,2.22,31533118.0,0.0,1.0
2.32,2.34,2.2,2.26,2.26,31982082.0,0.0,1.0
2.53,2.57,2.25,2.27,2.27,53232072.0,0.0,1.0
2.42,2.58,2.41,2.42,2.42,46850647.0,0.0,1.0
2.31,2.48,2.25,2.4,2.4,37980466.0,0.0,1.0
2.35,2.44,2.3,2.44,2.44,33041651.0,0.0,1.0
2.36,2.36,2.2,2.27,2.27,32640284.0,0.0,1.0
2.32,2.5,2.28,2.46,2.46,77337254.0,0.0,1.0
2.12,2.29,2.12,2.28,2.28,55568045.0,0.0,1.0
1.99,2.12,1.96,2.05,2.05,36894389.0,0.0,1.0
2.04,2.05,1.88,1.94,1.94,25172977.0,0.0,1.0
1.87,2.04,1.82,1.98,1.98,41458186.0,0.0,1.0
1.85,1.87,1.77,1.84,1.84,20751814.0,0.0,1.0
1.78,1.89,1.78,1.83,1.83,26804316.0,0.0,1.0
1.88,1.9,1.73,1.8,1.8,26520826.0,0.0,1.0
1.75,1.84,1.66,1.8,1.8,32240756.0,0.0,1.0
1.86,1.89,1.66,1.75,1.75,46749927.0,0.0,1.0
1.9,1.99,1.85,1.9,1.9,25008924.0,0.0,1.0
1.9,2.05,1.83,1.94,1.94,27759462.0,0.0,1.0
1.9,1.96,1.78,1.86,1.86,34321715.0,0.0,1.0
2.13,2.13,1.94,1.98,1.98,38391160.0,0.0,1.0
2.11,2.2,2.05,2.07,2.07,39506481.0,0.0,1.0
2.46,2.46,1.96,2.03,2.03,114081935.0,0.0,1.0
1.88,2.38,1.8,2.34,2.34,184185674.0,0.0,1.0
1.65,1.9,1.58,1.71,1.71,61155341.0,0.0,1.0
1.49,1.55,1.49,1.52,1.52,18017781.0,0.0,1.0
1.47,1.54,1.44,1.45,1.45,22389506.0,0.0,1.0
1.42,1.45,1.36,1.43,1.43,20823436.0,0.0,1.0
1.45,1.45,1.39,1.39,1.39,22357503.0,0.0,1.0
1.4289,1.5,1.38,1.48,1.48,32720842.0,0.0,1.0
1.54,1.555,1.5,1.51,1.51,20526780.0,0.0,1.0
1.57,1.6,1.53,1.54,1.54,21601622.0,0.0,1.0
1.58,1.595,1.52,1.53,1.53,12568506.0,0.0,1.0
1.7,1.77,1.52,1.58,1.58,38989308.0,0.0,1.0
1.52,1.77,1.49,1.69,1.69,40231114.0,0.0,1.0
1.45,1.55,1.44,1.52,1.52,21479209.0,0.0,1.0
1.46,1.5,1.42,1.46,1.46,18378816.0,0.0,1.0
1.46,1.52,1.4,1.46,1.46,40798170.0,0.0,1.0
1.63,1.64,1.54,1.55,1.55,27656939.0,0.0,1.0
1.56,1.57,1.52,1.53,1.53,12585175.0,0.0,1.0
1.55,1.59,1.5,1.56,1.56,25699823.0,0.0,1.0
1.64,1.64,1.5,1.53,1.53,34019512.0,0.0,1.0
1.75,1.76,1.575,1.64,1.64,35871977.0,0.0,1.0
1.73,1.8,1.66,1.7,1.7,47176959.0,0.0,1.0
1.58,1.59,1.45,1.55,1.55,26917362.0,0.0,1.0
1.6,1.69,1.56,1.62,1.62,25295757.0,0.0,1.0
1.59,1.7,1.43,1.64,1.64,58694851.0,0.0,1.0
1.19,1.65,1.19,1.59,1.59,99214125.0,0.0,1.0
1.51,1.51,1.22,1.32,1.32,88209364.0,0.0,1.0
1.72,1.73,1.53,1.56,1.56,58923884.0,0.0,1.0
1.94,2.0,1.71,1.75,1.75,59929003.0,0.0,1.0
2.05,2.06,1.9,1.96,1.96,52810684.0,0.0,1.0
2.15,2.15,2.02,2.05,2.05,39182553.0,0.0,1.0
2.22,2.24,1.97,2.17,2.17,122251852.0,0.0,1.0
2.98,2.98,2.71,2.72,2.72,40484874.0,0.0,1.0
3.14,3.16,3.02,3.04,3.04,12039376.0,0.0,1.0
3.12,3.16,3.08,3.1,3.1,8828965.0,0.0,1.0
3.21,3.21,3.03,3.08,3.08,12552895.0,0.0,1.0
3.11,3.18,3.0,3.18,3.18,12919846.0,0.0,1.0
3.15,3.21,3.09,3.12,3.12,12357430.0,0.0,1.0
3.22,3.27,3.15,3.21,3.21,8363279.0,0.0,1.0
3.24,3.265,3.1,3.19,3.19,10951137.0,0.0,1.0
3.28,3.33,3.16,3.27,3.27,13572159.0,0.0,1.0
3.13,3.33,3.07,3.32,3.32,20838783.0,0.0,1.0
3.0,3.14,2.93,3.14,3.14,17376124.0,0.0,1.0
2.99,3.0,2.87,2.98,2.98,14504500.0,0.0,1.0
2.81,3.0,2.8,2.95,2.95,23254647.0,0.0,1.0
2.7,2.75,2.64,2.75,2.75,15189404.0,0.0,1.0
2.82,2.83,2.58,2.6,2.6,26869654.0,0.0,1.0
2.9,2.91,2.84,2.86,2.86,8161092.0,0.0,1.0
2.91,2.93,2.85,2.85,2.85,12377439.0,0.0,1.0
2.9,2.92,2.83,2.84,2.84,10485142.0,0.0,1.0
2.92,3.0,2.83,2.91,2.91,20416708.0,0.0,1.0
2.95,2.95,2.83,2.9,2.9,14138291.0,0.0,1.0
2.97,3.04,2.885,2.92,2.92,13649638.0,0.0,1.0
3.06,3.09,3.01,3.02,3.02,12427830.0,0.0,1.0
3.23,3.27,3.02,3.05,3.05,21524358.0,0.0,1.0
3.06,3.21,3.0,3.16,3.16,16703065.0,0.0,1.0
3.0,3.1,3.0,3.0,3.0,13657084.0,0.0,1.0
2.89,3.01,2.86,2.95,2.95,15884219.0,0.0,1.0
2.99,2.99,2.77,2.82,2.82,15735986.0,0.0,1.0
3.075,3.08,2.88,2.9,2.9,28205946.0,0.0,1.0
3.0,3.2,3.0,3.15,3.15,18607576.0,0.0,1.0
3.05,3.11,2.96,3.05,3.05,16731340.0,0.0,1.0
3.1,3.18,3.1,3.13,3.13,10609998.0,0.0,1.0
3.13,3.26,3.11,3.17,3.17,20999758.0,0.0,1.0
3.04,3.09,2.93,3.09,3.09,18090390.0,0.0,1.0
3.09,3.14,3.0,3.08,3.08,23455749.0,0.0,1.0
3.14,3.14,2.85,2.95,2.95,38736177.0,0.0,1.0
3.21,3.33,3.16,3.27,3.27,17211310.0,0.0,1.0
3.45,3.51,3.2,3.28,3.28,28758382.0,0.0,1.0
3.38,3.53,3.36,3.47,3.47,19917224.0,0.0,1.0
3.4292,3.44,3.35,3.38,3.38,14127899.0,0.0,1.0
3.55,3.58,3.32,3.46,3.46,25890697.0,0.0,1.0
3.56,3.62,3.5,3.51,3.51,15606285.0,0.0,1.0
3.68,3.72,3.5,3.5,3.5,26513325.0,0.0,1.0
3.45,3.75,3.44,3.67,3.67,38844783.0,0.0,1.0
3.43,3.49,3.37,3.46,3.46,12462047.0,0.0,1.0
3.38,3.45,3.31,3.38,3.38,12376944.0,0.0,1.0
3.43,3.48,3.36,3.37,3.37,13784331.0,0.0,1.0
3.47,3.495,3.31,3.43,3.43,17652624.0,0.0,1.0
3.28,3.52,3.25,3.44,3.44,26704968.0,0.0,1.0
3.4,3.45,3.26,3.3,3.3,25764637.0,0.0,1.0
3.49,3.5202,3.34,3.39,3.39,19833129.0,0.0,1.0
3.34,3.639,3.32,3.45,3.45,39432181.0,0.0,1.0
3.64,3.68,3.32,3.42,3.42,57070344.0,0.0,1.0
3.95,4.0,3.6,3.68,3.68,85126060.0,0.0,1.0
3.575,3.9,3.42,3.69,3.69,87406073.0,0.0,1.0
3.21,3.5,3.13,3.49,3.49,40423954.0,0.0,1.0
3.31,3.34,3.15,3.26,3.26,35914642.0,0.0,1.0
2.93,3.29,2.9,3.13,3.13,75342426.0,0.0,1.0
2.6,2.845,2.57,2.82,2.82,35317275.0,0.0,1.0
2.67,2.68,2.58,2.6,2.6,19541552.0,0.0,1.0
2.6,2.63,2.51,2.55,2.55,17640326.0,0.0,1.0
2.51,2.62,2.44,2.6,2.6,27685620.0,0.0,1.0
2.64,2.73,2.54,2.55,2.55,20679334.0,0.0,1.0
2.64,2.66,2.55,2.6,2.6,16289847.0,0.0,1.0
2.61,2.685,2.51,2.64,2.64,22693858.0,0.0,1.0
2.88,2.9,2.57,2.64,2.64,49602361.0,0.0,1.0
2.87,3.05,2.8,2.83,2.83,55697201.0,0.0,1.0
2.67,2.84,2.56,2.74,2.74,43761943.0,0.0,1.0
2.52,2.71,2.45,2.53,2.53,50080849.0,0.0,1.0
2.39,2.53,2.35,2.46,2.46,20830117.0,0.0,1.0
2.44,2.45,2.35,2.42,2.42,27065748.0,0.0,1.0
2.55,2.62,2.5,2.52,2.52,21962643.0,0.0,1.0
2.62,2.62,2.5,2.55,2.55,30099492.0,0.0,1.0
2.67,2.67,2.55,2.61,2.61,33070093.0,0.0,1.0
2.75,2.82,2.59,2.63,2.63,35989051.0,0.0,1.0
2.64,2.81,2.55,2.76,2.76,31397929.0,0.0,1.0
2.9,2.9,2.54,2.65,2.65,54094341.0,0.0,1.0
3.07,3.09,2.76,2.83,2.83,38179137.0,0.0,1.0
3.0,3.11,2.97,3.04,3.04,30924022.0,0.0,1.0
2.98,3.06,2.74,2.96,2.96,51792961.0,0.0,1.0
3.07,3.15,3.0,3.05,3.05,39383312.0,0.0,1.0
3.55,3.5507,3.11,3.24,3.24,55942228.0,0.0,1.0
3.89,3.9,3.6,3.61,3.61,41690392.0,0.0,1.0
4.12,4.14,3.88,4.0,4.0,114474424.0,0.0,1.0
3.98,4.045,3.81,3.86,3.86,26069358.0,0.0,1.0
3.96,4.03,3.83,3.93,3.93,27855521.0,0.0,1.0
4.25,4.3,4.0,4.05,4.05,35451326.0,0.0,1.0
4.35,4.45,4.25,4.29,4.29,23435345.0,0.0,1.0
4.38,4.4,4.11,4.25,4.25,23571672.0,0.0,1.0
4.58,4.7,4.42,4.42,4.42,19775669.0,0.0,1.0
4.65,4.85,4.61,4.66,4.66,16197999.0,0.0,1.0
4.59,4.75,4.53,4.71,4.71,14668954.0,0.0,1.0
4.47,4.67,4.41,4.67,4.67,27925652.0,0.0,1.0
4.5,4.5,4.3,4.33,4.33,21804468.0,0.0,1.0
4.6,4.66,4.51,4.56,4.56,17146542.0,0.0,1.0
4.54,4.7,4.51,4.6,4.6,15759712.0,0.0,1.0
4.79,4.81,4.56,4.57,4.57,20456913.0,0.0,1.0
4.81,4.92,4.76,4.84,4.84,11545700.0,0.0,1.0
4.72,4.88,4.69,4.88,4.88,16144442.0,0.0,1.0
4.73,5.11,4.73,5.02,5.02,25245547.0,0.0,1.0
4.74,4.75,4.5733,4.72,4.72,14080431.0,0.0,1.0
4.84,4.85,4.68,4.68,4.68,13308347.0,0.0,1.0
4.98,5.08,4.8,4.85,4.85,14434585.0,0.0,1.0
4.89,5.05,4.87,4.98,4.98,15202827.0,0.0,1.0
4.85,4.93,4.77,4.92,4.92,11891337.0,0.0,1.0
5.01,5.15,4.85,4.9,4.9,21552804.0,0.0,1.0
4.79,5.01,4.75,5.0,5.0,20401275.0,0.0,1.0
4.82,4.92,4.73,4.83,4.83,15106971.0,0.0,1.0
4.74,4.81,4.62,4.78,4.78,12936684.0,0.0,1.0
4.53,4.92,4.44,4.79,4.79,31206503.0,0.0,1.0
4.6101,4.72,4.51,4.59,4.59,30546383.0,0.0,1.0
4.8,4.81,4.43,4.45,4.45,46354509.0,0.0,1.0
4.99,5.0,4.72,4.75,4.75,27489142.0,0.0,1.0
5.03,5.06,4.95,4.99,4.99,15561263.0,0.0,1.0
5.0,5.085,4.97,5.01,5.01,17642573.0,0.0,1.0
5.06,5.11,4.96,5.05,5.05,25958722.0,0.0,1.0
5.28,5.28,5.06,5.08,5.08,32590061.0,0.0,1.0
5.33,5.38,5.25,5.3,5.3,17349772.0,0.0,1.0
5.37,5.4,5.31,5.36,5.36,18093412.0,0.0,1.0
5.39,5.5,5.27,5.35,5.35,31696613.0,0.0,1.0
5.55,5.58,5.23,5.31,5.31,35320203.0,0.0,1.0
5.43,5.61,5.345,5.39,5.39,55814771.0,0.0,1.0
5.29,5.4,5.14,5.21,5.21,32404597.0,0.0,1.0
5.06,5.13,5.03,5.1,5.1,23595909.0,0.0,1.0
5.04,5.17,4.93,5.01,5.01,29458068.0,0.0,1.0
5.01,5.19,4.96,4.98,4.98,39753377.0,0.0,1.0
5.2,5.22,4.9,4.96,4.96,67206268.0,0.0,1.0
5.62,5.66,5.27,5.35,5.35,38993269.0,0.0,1.0
5.8,5.87,5.6,5.62,5.62,24956464.0,0.0,1.0
5.75,5.945,5.74,5.84,5.84,21368941.0,0.0,1.0
6.02,6.03,5.71,5.85,5.85,39053693.0,0.0,1.0
5.75,6.03,5.73,5.96,5.96,54509153.0,0.0,1.0
5.69,5.95,5.44,5.75,5.75,76506119.0,0.0,1.0
6.12,6.13,5.71,5.71,5.71,85776969.0,0.0,1.0
6.63,6.64,6.0,6.03,6.03,58983387.0,0.0,1.0
6.32,6.77,6.24,6.53,6.53,41727215.0,0.0,1.0
6.6223,6.64,6.37,6.39,6.39,41615989.0,0.0,1.0
6.95,6.98,6.55,6.59,6.59,62544507.0,0.0,1.0
7.02,7.2,6.85,7.06,7.06,32040585.0,0.0,1.0
7.81,7.95,7.0,7.09,7.09,52469571.0,0.0,1.0
8.26,8.72,8.0,8.01,8.01,73522653.0,0.0,1.0
9.8,10.63,9.7,10.16,10.16,53680765.0,0.0,1.0
10.32,10.37,9.15,9.78,9.78,43753280.0,0.0,1.0
9.82,10.2,9.73,10.06,10.06,32409414.0,0.0,1.0
9.85,9.93,9.46,9.57,9.57,26506014.0,0.0,1.0
10.15,10.25,9.33,9.85,9.85,53234270.0,0.0,1.0
9.16,10.64,8.82,9.79,9.79,106022591.0,0.0,1.0
9.04,9.09,8.6,9.0,9.0,52424249.0,0.0,1.0
7.92,8.22,7.75,8.17,8.17,26600350.0,0.0,1.0
7.7,7.73,7.43,7.64,7.64,8060138.0,0.0,1.0
7.26,7.77,7.26,7.62,7.62,21495721.0,0.0,1.0
7.4,7.43,7.21,7.26,7.26,9974748.0,0.0,1.0
7.55,7.64,7.255,7.41,7.41,15620191.0,0.0,1.0
7.7,7.78,7.42,7.48,7.48,14728317.0,0.0,1.0
7.52,7.68,7.39,7.49,7.49,10867810.0,0.0,1.0
7.35,7.57,7.14,7.44,7.44,13264105.0,0.0,1.0
7.67,7.77,7.38,7.46,7.46,9750733.0,0.0,1.0
8.0,8.0,7.28,7.67,7.67,21709346.0,0.0,1.0
8.28,8.37,7.8,8.04,8.04,23198212.0,0.0,1.0
7.95,8.59,7.8301,8.4,8.4,33404746.0,0.0,1.0
7.71,7.96,7.61,7.88,7.88,9029887.0,0.0,1.0
7.96,7.98,7.74,7.85,7.85,8585348.0,0.0,1.0
7.85,8.11,7.68,7.9,7.9,20788847.0,0.0,1.0
7.4,7.89,7.4,7.88,7.88,21233857.0,0.0,1.0
6.94,7.55,6.92,7.46,7.46,28775026.0,0.0,1.0
6.68,6.97,6.64,6.94,6.94,14200087.0,0.0,1.0
6.56,6.68,6.48,6.67,6.67,5111018.0,0.0,1.0
6.65,6.78,6.6,6.65,6.65,6726949.0,0.0,1.0
6.47,6.75,6.47,6.58,6.58,5919985.0,0.0,1.0
6.63,6.785,6.47,6.55,6.55,5685964.0,0.0,1.0
6.63,6.67,6.51,6.57,6.57,6379619.0,0.0,1.0
6.89,6.91,6.68,6.71,6.71,9240851.0,0.0,1.0
6.7,6.875,6.53,6.81,6.81,8508909.0,0.0,1.0
6.8,6.9,6.68,6.71,6.71,6941150.0,0.0,1.0
6.85,7.07,6.75,6.82,6.82,12632982.0,0.0,1.0
6.51,7.15,6.37,6.8,6.8,19454079.0,0.0,1.0
6.5,6.615,6.48,6.59,6.59,6902293.0,0.0,1.0
6.63,6.73,6.41,6.66,6.66,11221122.0,0.0,1.0
6.41,6.69,6.35,6.63,6.63,11489874.0,0.0,1.0
6.57,6.58,6.165,6.4,6.4,9603777.0,0.0,1.0
6.41,6.585,6.31,6.5,6.5,9709046.0,0.0,1.0
6.19,6.4,6.13,6.36,6.36,9405574.0,0.0,1.0
6.1,6.1454,6.02,6.05,6.05,7562892.0,0.0,1.0
6.13,6.24,6.0,6.2,6.2,8823588.0,0.0,1.0
6.56,6.57,6.21,6.37,6.37,8667438.0,0.0,1.0
6.5,6.56,6.3,6.47,6.47,7996498.0,0.0,1.0
6.17,6.45,6.03,6.43,6.43,8531875.0,0.0,1.0
6.11,6.37,5.96,6.36,6.36,9912348.0,0.0,1.0
6.0,6.12,5.84,5.92,5.92,8835827.0,0.0,1.0
6.53,6.65,6.06,6.07,6.07,13598339.0,0.0,1.0
6.82,6.92,6.33,6.52,6.52,12080014.0,0.0,1.0
7.01,7.15,6.8,6.83,6.83,9299725.0,0.0,1.0
7.0325,7.19,6.835,7.07,7.07,10685752.0,0.0,1.0
7.63,7.64,6.96,7.03,7.03,18132776.0,0.0,1.0
7.53,7.89,7.4,7.7,7.7,10773624.0,0.0,1.0
7.55,7.9,7.26,7.75,7.75,14980941.0,0.0,1.0
7.2,7.55,7.12,7.54,7.54,16007523.0,0.0,1.0
7.08,7.2,6.92,7.08,7.08,8095733.0,0.0,1.0
7.03,7.12,6.74,7.03,7.03,9980958.0,0.0,1.0
7.36,7.38,6.96,6.99,6.99,11576166.0,0.0,1.0
6.86,7.37,6.72,7.37,7.37,16688145.0,0.0,1.0
7.6,7.64,7.05,7.08,7.08,19624735.0,0.0,1.0
8.1,8.13,7.5,7.58,7.58,22336440.0,0.0,1.0
7.8,8.0,7.68,7.71,7.71,10994730.0,0.0,1.0
8.06,8.12,7.76,7.79,7.79,13207636.0,0.0,1.0
7.6,8.15,7.6,8.12,8.12,22096929.0,0.0,1.0
7.3,7.7,7.23,7.48,7.48,9084856.0,0.0,1.0
7.61,7.626,7.16,7.37,7.37,12164902.0,0.0,1.0
7.68,7.695,7.41,7.46,7.46,8119651.0,0.0,1.0
7.9,8.05,7.63,7.71,7.71,13993640.0,0.0,1.0
7.65,7.91,7.15,7.67,7.67,26923192.0,0.0,1.0
7.38,8.21,7.28,7.84,7.84,49171758.0,0.0,1.0
7.4,7.65,7.16,7.19,7.19,14972458.0,0.0,1.0
7.15,7.49,7.11,7.34,7.34,18036362.0,0.0,1.0
6.8,7.45,6.8,7.1,7.1,29585149.0,0.0,1.0
6.69,6.9,6.58,6.78,6.78,15374076.0,0.0,1.0
6.72,6.93,6.56,6.65,6.65,12709127.0,0.0,1.0
6.59,6.93,6.52,6.77,6.77,12789789.0,0.0,1.0
6.49,7.1,6.47,6.69,6.69,20510714.0,0.0,1.0
6.42,6.88,6.15,6.74,6.74,23761772.0,0.0,1.0
7.22,7.32,6.4,6.4,6.4,49855770.0,0.0,1.0
6.52,6.72,6.25,6.68,6.68,13188661.0,0.0,1.0
6.84,6.84,6.27,6.49,6.49,17988834.0,0.0,1.0
6.0,6.78,5.96,6.62,6.62,24330932.0,0.0,1.0
6.08,6.25,5.9,5.9,5.9,15213393.0,0.0,1.0
6.2,6.22,5.615,5.95,5.95,21823905.0,0.0,1.0
6.53,6.79,6.05,6.19,6.19,16027640.0,0.0,1.0
6.21,6.51,6.18,6.35,6.35,9458953.0,0.0,1.0
6.27,6.57,6.25,6.45,6.45,9188691.0,0.0,1.0
6.85,6.85,6.13,6.17,6.17,14789857.0,0.0,1.0
6.74,6.89,6.45,6.81,6.81,14901741.0,0.0,1.0
7.68,7.685,7.0,7.03,7.03,12758537.0,0.0,1.0
7.59,7.745,7.22,7.32,7.32,7336209.0,0.0,1.0
7.6,7.67,7.26,7.5,7.5,11905956.0,0.0,1.0
8.12,8.16,7.73,7.77,7.77,11705259.0,0.0,1.0
8.06,8.2,7.83,8.04,8.04,17490452.0,0.0,1.0
7.86,8.3,7.7,7.82,7.82,26781651.0,0.0,1.0
7.46,7.75,7.28,7.46,7.46,14545424.0,0.0,1.0
7.44,7.55,6.92,7.18,7.18,22730045.0,0.0,1.0
8.1,8.35,7.39,7.75,7.75,74971137.0,0.0,1.0
6.19,7.4,6.1,7.39,7.39,38464354.0,0.0,1.0
6.07,6.18,5.95,6.04,6.04,11508763.0,0.0,1.0
6.2,6.29,6.03,6.26,6.26,8378259.0,0.0,1.0
6.19,6.25,6.0,6.25,6.25,11896599.0,0.0,1.0
6.12,6.55,6.12,6.3,6.3,13251168.0,0.0,1.0
6.6,6.6,5.87,5.93,5.93,19439988.0,0.0,1.0
7.06,7.08,6.6,6.6,6.6,16429120.0,0.0,1.0
6.97,7.28,6.68,6.98,6.98,21813582.0,0.0,1.0
7.55,7.55,7.01,7.01,7.01,16815631.0,0.0,1.0
7.59,7.76,7.5,7.5,7.5,11088293.0,0.0,1.0
8.06,8.19,7.5,7.58,7.58,18909287.0,0.0,1.0
8.32,8.39,7.85,7.87,7.87,16297902.0,0.0,1.0
9.05,9.07,8.5,8.59,8.59,15118471.0,0.0,1.0
9.07,9.47,8.4151,8.78,8.78,40275036.0,0.0,1.0
7.88,9.15,7.54,8.5,8.5,48306520.0,0.0,1.0
8.73,9.1,7.67,7.68,7.68,41827593.0,0.0,1.0
9.61,9.75,8.5,8.5,8.5,56323875.0,0.0,1.0
12.66,13.8,9.22,9.9,9.9,172473559.0,0.0,1.0
6.62,12.69,6.52,11.6,11.6,158346488.0,0.0,1.0
6.0,6.93,5.35,6.6,6.6,66848996.0,0.0,1.0
